"county","office","district","party","candidate","votes"
"Adams","President",NA,"DEM","Hillary Clinton",781
"Adams","President",NA,"DEM","Bernie Sanders",792
"Antelope","President",NA,"DEM","Hillary Clinton",82
"Antelope","President",NA,"DEM","Bernie Sanders",133
"Arthur","President",NA,"DEM","Hillary Clinton",1
"Arthur","President",NA,"DEM","Bernie Sanders",10
"Banner","President",NA,"DEM","Hillary Clinton",5
"Banner","President",NA,"DEM","Bernie Sanders",2
"Blaine","President",NA,"DEM","Hillary Clinton",9
"Blaine","President",NA,"DEM","Bernie Sanders",4
"Boone","President",NA,"DEM","Hillary Clinton",130
"Boone","President",NA,"DEM","Bernie Sanders",160
"Box Butte","President",NA,"DEM","Hillary Clinton",194
"Box Butte","President",NA,"DEM","Bernie Sanders",252
"Boyd","President",NA,"DEM","Hillary Clinton",35
"Boyd","President",NA,"DEM","Bernie Sanders",42
"Brown","President",NA,"DEM","Hillary Clinton",23
"Brown","President",NA,"DEM","Bernie Sanders",32
"Buffalo","President",NA,"DEM","Hillary Clinton",686
"Buffalo","President",NA,"DEM","Bernie Sanders",708
"Burt","President",NA,"DEM","Hillary Clinton",207
"Burt","President",NA,"DEM","Bernie Sanders",155
"Butler","President",NA,"DEM","Hillary Clinton",214
"Butler","President",NA,"DEM","Bernie Sanders",320
"Cass","President",NA,"DEM","Hillary Clinton",565
"Cass","President",NA,"DEM","Bernie Sanders",560
"Cedar","President",NA,"DEM","Hillary Clinton",163
"Cedar","President",NA,"DEM","Bernie Sanders",232
"Chase","President",NA,"DEM","Hillary Clinton",29
"Chase","President",NA,"DEM","Bernie Sanders",35
"Cherry","President",NA,"DEM","Hillary Clinton",65
"Cherry","President",NA,"DEM","Bernie Sanders",76
"Cheyenne","President",NA,"DEM","Hillary Clinton",124
"Cheyenne","President",NA,"DEM","Bernie Sanders",135
"Clay","President",NA,"DEM","Hillary Clinton",86
"Clay","President",NA,"DEM","Bernie Sanders",112
"Colfax","President",NA,"DEM","Hillary Clinton",171
"Colfax","President",NA,"DEM","Bernie Sanders",155
"Cuming","President",NA,"DEM","Hillary Clinton",114
"Cuming","President",NA,"DEM","Bernie Sanders",141
"Custer","President",NA,"DEM","Hillary Clinton",168
"Custer","President",NA,"DEM","Bernie Sanders",179
"Dakota","President",NA,"DEM","Hillary Clinton",478
"Dakota","President",NA,"DEM","Bernie Sanders",315
"Dawes","President",NA,"DEM","Hillary Clinton",150
"Dawes","President",NA,"DEM","Bernie Sanders",178
"Dawson","President",NA,"DEM","Hillary Clinton",291
"Dawson","President",NA,"DEM","Bernie Sanders",283
"Deuel","President",NA,"DEM","Hillary Clinton",12
"Deuel","President",NA,"DEM","Bernie Sanders",24
"Dixon","President",NA,"DEM","Hillary Clinton",136
"Dixon","President",NA,"DEM","Bernie Sanders",143
"Dodge","President",NA,"DEM","Hillary Clinton",902
"Dodge","President",NA,"DEM","Bernie Sanders",744
"Douglas","President",NA,"DEM","Hillary Clinton",12843
"Douglas","President",NA,"DEM","Bernie Sanders",10104
"Dundy","President",NA,"DEM","Hillary Clinton",18
"Dundy","President",NA,"DEM","Bernie Sanders",18
"Fillmore","President",NA,"DEM","Hillary Clinton",151
"Fillmore","President",NA,"DEM","Bernie Sanders",135
"Franklin","President",NA,"DEM","Hillary Clinton",43
"Franklin","President",NA,"DEM","Bernie Sanders",50
"Frontier","President",NA,"DEM","Hillary Clinton",28
"Frontier","President",NA,"DEM","Bernie Sanders",24
"Furnas","President",NA,"DEM","Hillary Clinton",56
"Furnas","President",NA,"DEM","Bernie Sanders",68
"Gage","President",NA,"DEM","Hillary Clinton",617
"Gage","President",NA,"DEM","Bernie Sanders",482
"Garden","President",NA,"DEM","Hillary Clinton",25
"Garden","President",NA,"DEM","Bernie Sanders",27
"Garfield","President",NA,"DEM","Hillary Clinton",22
"Garfield","President",NA,"DEM","Bernie Sanders",27
"Gosper","President",NA,"DEM","Hillary Clinton",39
"Gosper","President",NA,"DEM","Bernie Sanders",43
"Grant","President",NA,"DEM","Hillary Clinton",2
"Grant","President",NA,"DEM","Bernie Sanders",6
"Greeley","President",NA,"DEM","Hillary Clinton",72
"Greeley","President",NA,"DEM","Bernie Sanders",178
"Hall","President",NA,"DEM","Hillary Clinton",1359
"Hall","President",NA,"DEM","Bernie Sanders",1139
"Hamilton","President",NA,"DEM","Hillary Clinton",173
"Hamilton","President",NA,"DEM","Bernie Sanders",160
"Harlan","President",NA,"DEM","Hillary Clinton",64
"Harlan","President",NA,"DEM","Bernie Sanders",90
"Hayes","President",NA,"DEM","Hillary Clinton",14
"Hayes","President",NA,"DEM","Bernie Sanders",8
"Hitchcock","President",NA,"DEM","Hillary Clinton",32
"Hitchcock","President",NA,"DEM","Bernie Sanders",31
"Holt","President",NA,"DEM","Hillary Clinton",99
"Holt","President",NA,"DEM","Bernie Sanders",129
"Hooker","President",NA,"DEM","Hillary Clinton",8
"Hooker","President",NA,"DEM","Bernie Sanders",6
"Howard","President",NA,"DEM","Hillary Clinton",129
"Howard","President",NA,"DEM","Bernie Sanders",154
"Jefferson","President",NA,"DEM","Hillary Clinton",116
"Jefferson","President",NA,"DEM","Bernie Sanders",127
"Johnson","President",NA,"DEM","Hillary Clinton",73
"Johnson","President",NA,"DEM","Bernie Sanders",78
"Kearney","President",NA,"DEM","Hillary Clinton",103
"Kearney","President",NA,"DEM","Bernie Sanders",94
"Keith","President",NA,"DEM","Hillary Clinton",90
"Keith","President",NA,"DEM","Bernie Sanders",127
"Keya Paha","President",NA,"DEM","Hillary Clinton",10
"Keya Paha","President",NA,"DEM","Bernie Sanders",12
"Kimball","President",NA,"DEM","Hillary Clinton",23
"Kimball","President",NA,"DEM","Bernie Sanders",38
"Knox","President",NA,"DEM","Hillary Clinton",96
"Knox","President",NA,"DEM","Bernie Sanders",119
"Lancaster","President",NA,"DEM","Hillary Clinton",12245
"Lancaster","President",NA,"DEM","Bernie Sanders",10304
"Lincoln","President",NA,"DEM","Hillary Clinton",665
"Lincoln","President",NA,"DEM","Bernie Sanders",647
"Logan","President",NA,"DEM","Hillary Clinton",18
"Logan","President",NA,"DEM","Bernie Sanders",12
"Loup","President",NA,"DEM","Hillary Clinton",8
"Loup","President",NA,"DEM","Bernie Sanders",8
"Madison","President",NA,"DEM","Hillary Clinton",325
"Madison","President",NA,"DEM","Bernie Sanders",398
"McPherson","President",NA,"DEM","Hillary Clinton",5
"McPherson","President",NA,"DEM","Bernie Sanders",9
"Merrick","President",NA,"DEM","Hillary Clinton",120
"Merrick","President",NA,"DEM","Bernie Sanders",134
"Morrill","President",NA,"DEM","Hillary Clinton",59
"Morrill","President",NA,"DEM","Bernie Sanders",57
"Nance","President",NA,"DEM","Hillary Clinton",89
"Nance","President",NA,"DEM","Bernie Sanders",87
"Nemaha","President",NA,"DEM","Hillary Clinton",129
"Nemaha","President",NA,"DEM","Bernie Sanders",139
"Nuckolls","President",NA,"DEM","Hillary Clinton",78
"Nuckolls","President",NA,"DEM","Bernie Sanders",87
"Otoe","President",NA,"DEM","Hillary Clinton",348
"Otoe","President",NA,"DEM","Bernie Sanders",353
"Pawnee","President",NA,"DEM","Hillary Clinton",56
"Pawnee","President",NA,"DEM","Bernie Sanders",65
"Perkins","President",NA,"DEM","Hillary Clinton",38
"Perkins","President",NA,"DEM","Bernie Sanders",36
"Phelps","President",NA,"DEM","Hillary Clinton",114
"Phelps","President",NA,"DEM","Bernie Sanders",150
"Pierce","President",NA,"DEM","Hillary Clinton",50
"Pierce","President",NA,"DEM","Bernie Sanders",72
"Platte","President",NA,"DEM","Hillary Clinton",456
"Platte","President",NA,"DEM","Bernie Sanders",579
"Polk","President",NA,"DEM","Hillary Clinton",84
"Polk","President",NA,"DEM","Bernie Sanders",73
"Red Willow","President",NA,"DEM","Hillary Clinton",139
"Red Willow","President",NA,"DEM","Bernie Sanders",149
"Richardson","President",NA,"DEM","Hillary Clinton",178
"Richardson","President",NA,"DEM","Bernie Sanders",183
"Rock","President",NA,"DEM","Hillary Clinton",10
"Rock","President",NA,"DEM","Bernie Sanders",20
"Saline","President",NA,"DEM","Hillary Clinton",345
"Saline","President",NA,"DEM","Bernie Sanders",339
"Sarpy","President",NA,"DEM","Hillary Clinton",2569
"Sarpy","President",NA,"DEM","Bernie Sanders",2095
"Saunders","President",NA,"DEM","Hillary Clinton",348
"Saunders","President",NA,"DEM","Bernie Sanders",412
"Scotts Bluff","President",NA,"DEM","Hillary Clinton",437
"Scotts Bluff","President",NA,"DEM","Bernie Sanders",357
"Seward","President",NA,"DEM","Hillary Clinton",235
"Seward","President",NA,"DEM","Bernie Sanders",208
"Sheridan","President",NA,"DEM","Hillary Clinton",30
"Sheridan","President",NA,"DEM","Bernie Sanders",65
"Sherman","President",NA,"DEM","Hillary Clinton",90
"Sherman","President",NA,"DEM","Bernie Sanders",126
"Sioux","President",NA,"DEM","Hillary Clinton",18
"Sioux","President",NA,"DEM","Bernie Sanders",12
"Stanton","President",NA,"DEM","Hillary Clinton",66
"Stanton","President",NA,"DEM","Bernie Sanders",105
"Thayer","President",NA,"DEM","Hillary Clinton",90
"Thayer","President",NA,"DEM","Bernie Sanders",82
"Thomas","President",NA,"DEM","Hillary Clinton",7
"Thomas","President",NA,"DEM","Bernie Sanders",11
"Thurston","President",NA,"DEM","Hillary Clinton",118
"Thurston","President",NA,"DEM","Bernie Sanders",136
"Valley","President",NA,"DEM","Hillary Clinton",120
"Valley","President",NA,"DEM","Bernie Sanders",103
"Washington","President",NA,"DEM","Hillary Clinton",498
"Washington","President",NA,"DEM","Bernie Sanders",374
"Wayne","President",NA,"DEM","Hillary Clinton",185
"Wayne","President",NA,"DEM","Bernie Sanders",162
"Webster","President",NA,"DEM","Hillary Clinton",71
"Webster","President",NA,"DEM","Bernie Sanders",68
"Wheeler","President",NA,"DEM","Hillary Clinton",13
"Wheeler","President",NA,"DEM","Bernie Sanders",13
"York","President",NA,"DEM","Hillary Clinton",112
"York","President",NA,"DEM","Bernie Sanders",118
"Adams","President",NA,"LIB","Marc Feldman",1
"Adams","President",NA,"LIB","Gary Johnson",3
"Adams","President",NA,"LIB","Steve Kerbel",1
"Adams","President",NA,"LIB","John McAfee",5
"Adams","President",NA,"LIB","Austin Petersen",3
"Antelope","President",NA,"LIB","Marc Feldman",0
"Antelope","President",NA,"LIB","Gary Johnson",0
"Antelope","President",NA,"LIB","Steve Kerbel",0
"Antelope","President",NA,"LIB","John McAfee",0
"Antelope","President",NA,"LIB","Austin Petersen",0
"Arthur","President",NA,"LIB","Marc Feldman",0
"Arthur","President",NA,"LIB","Gary Johnson",2
"Arthur","President",NA,"LIB","Steve Kerbel",0
"Arthur","President",NA,"LIB","John McAfee",0
"Arthur","President",NA,"LIB","Austin Petersen",0
"Banner","President",NA,"LIB","Marc Feldman",0
"Banner","President",NA,"LIB","Gary Johnson",0
"Banner","President",NA,"LIB","Steve Kerbel",0
"Banner","President",NA,"LIB","John McAfee",0
"Banner","President",NA,"LIB","Austin Petersen",0
"Blaine","President",NA,"LIB","Marc Feldman",0
"Blaine","President",NA,"LIB","Gary Johnson",0
"Blaine","President",NA,"LIB","Steve Kerbel",0
"Blaine","President",NA,"LIB","John McAfee",0
"Blaine","President",NA,"LIB","Austin Petersen",0
"Boone","President",NA,"LIB","Marc Feldman",0
"Boone","President",NA,"LIB","Gary Johnson",0
"Boone","President",NA,"LIB","Steve Kerbel",0
"Boone","President",NA,"LIB","John McAfee",0
"Boone","President",NA,"LIB","Austin Petersen",0
"Box Butte","President",NA,"LIB","Marc Feldman",1
"Box Butte","President",NA,"LIB","Gary Johnson",8
"Box Butte","President",NA,"LIB","Steve Kerbel",1
"Box Butte","President",NA,"LIB","John McAfee",2
"Box Butte","President",NA,"LIB","Austin Petersen",0
"Boyd","President",NA,"LIB","Marc Feldman",0
"Boyd","President",NA,"LIB","Gary Johnson",0
"Boyd","President",NA,"LIB","Steve Kerbel",0
"Boyd","President",NA,"LIB","John McAfee",0
"Boyd","President",NA,"LIB","Austin Petersen",0
"Brown","President",NA,"LIB","Marc Feldman",0
"Brown","President",NA,"LIB","Gary Johnson",0
"Brown","President",NA,"LIB","Steve Kerbel",0
"Brown","President",NA,"LIB","John McAfee",0
"Brown","President",NA,"LIB","Austin Petersen",0
"Buffalo","President",NA,"LIB","Marc Feldman",2
"Buffalo","President",NA,"LIB","Gary Johnson",15
"Buffalo","President",NA,"LIB","Steve Kerbel",2
"Buffalo","President",NA,"LIB","John McAfee",4
"Buffalo","President",NA,"LIB","Austin Petersen",4
"Burt","President",NA,"LIB","Marc Feldman",0
"Burt","President",NA,"LIB","Gary Johnson",2
"Burt","President",NA,"LIB","Steve Kerbel",0
"Burt","President",NA,"LIB","John McAfee",0
"Burt","President",NA,"LIB","Austin Petersen",0
"Butler","President",NA,"LIB","Marc Feldman",0
"Butler","President",NA,"LIB","Gary Johnson",3
"Butler","President",NA,"LIB","Steve Kerbel",0
"Butler","President",NA,"LIB","John McAfee",0
"Butler","President",NA,"LIB","Austin Petersen",0
"Cass","President",NA,"LIB","Marc Feldman",1
"Cass","President",NA,"LIB","Gary Johnson",7
"Cass","President",NA,"LIB","Steve Kerbel",0
"Cass","President",NA,"LIB","John McAfee",3
"Cass","President",NA,"LIB","Austin Petersen",1
"Cedar","President",NA,"LIB","Marc Feldman",0
"Cedar","President",NA,"LIB","Gary Johnson",1
"Cedar","President",NA,"LIB","Steve Kerbel",1
"Cedar","President",NA,"LIB","John McAfee",0
"Cedar","President",NA,"LIB","Austin Petersen",0
"Chase","President",NA,"LIB","Marc Feldman",0
"Chase","President",NA,"LIB","Gary Johnson",0
"Chase","President",NA,"LIB","Steve Kerbel",0
"Chase","President",NA,"LIB","John McAfee",0
"Chase","President",NA,"LIB","Austin Petersen",1
"Cherry","President",NA,"LIB","Marc Feldman",0
"Cherry","President",NA,"LIB","Gary Johnson",0
"Cherry","President",NA,"LIB","Steve Kerbel",0
"Cherry","President",NA,"LIB","John McAfee",0
"Cherry","President",NA,"LIB","Austin Petersen",0
"Cheyenne","President",NA,"LIB","Marc Feldman",0
"Cheyenne","President",NA,"LIB","Gary Johnson",2
"Cheyenne","President",NA,"LIB","Steve Kerbel",0
"Cheyenne","President",NA,"LIB","John McAfee",1
"Cheyenne","President",NA,"LIB","Austin Petersen",0
"Clay","President",NA,"LIB","Marc Feldman",0
"Clay","President",NA,"LIB","Gary Johnson",1
"Clay","President",NA,"LIB","Steve Kerbel",0
"Clay","President",NA,"LIB","John McAfee",1
"Clay","President",NA,"LIB","Austin Petersen",0
"Colfax","President",NA,"LIB","Marc Feldman",0
"Colfax","President",NA,"LIB","Gary Johnson",0
"Colfax","President",NA,"LIB","Steve Kerbel",0
"Colfax","President",NA,"LIB","John McAfee",0
"Colfax","President",NA,"LIB","Austin Petersen",0
"Cuming","President",NA,"LIB","Marc Feldman",0
"Cuming","President",NA,"LIB","Gary Johnson",0
"Cuming","President",NA,"LIB","Steve Kerbel",0
"Cuming","President",NA,"LIB","John McAfee",0
"Cuming","President",NA,"LIB","Austin Petersen",1
"Custer","President",NA,"LIB","Marc Feldman",1
"Custer","President",NA,"LIB","Gary Johnson",1
"Custer","President",NA,"LIB","Steve Kerbel",0
"Custer","President",NA,"LIB","John McAfee",1
"Custer","President",NA,"LIB","Austin Petersen",0
"Dakota","President",NA,"LIB","Marc Feldman",1
"Dakota","President",NA,"LIB","Gary Johnson",1
"Dakota","President",NA,"LIB","Steve Kerbel",0
"Dakota","President",NA,"LIB","John McAfee",0
"Dakota","President",NA,"LIB","Austin Petersen",1
"Dawes","President",NA,"LIB","Marc Feldman",0
"Dawes","President",NA,"LIB","Gary Johnson",0
"Dawes","President",NA,"LIB","Steve Kerbel",0
"Dawes","President",NA,"LIB","John McAfee",0
"Dawes","President",NA,"LIB","Austin Petersen",2
"Dawson","President",NA,"LIB","Marc Feldman",0
"Dawson","President",NA,"LIB","Gary Johnson",2
"Dawson","President",NA,"LIB","Steve Kerbel",0
"Dawson","President",NA,"LIB","John McAfee",2
"Dawson","President",NA,"LIB","Austin Petersen",0
"Deuel","President",NA,"LIB","Marc Feldman",0
"Deuel","President",NA,"LIB","Gary Johnson",1
"Deuel","President",NA,"LIB","Steve Kerbel",0
"Deuel","President",NA,"LIB","John McAfee",0
"Deuel","President",NA,"LIB","Austin Petersen",1
"Dixon","President",NA,"LIB","Marc Feldman",0
"Dixon","President",NA,"LIB","Gary Johnson",1
"Dixon","President",NA,"LIB","Steve Kerbel",0
"Dixon","President",NA,"LIB","John McAfee",0
"Dixon","President",NA,"LIB","Austin Petersen",1
"Dodge","President",NA,"LIB","Marc Feldman",0
"Dodge","President",NA,"LIB","Gary Johnson",6
"Dodge","President",NA,"LIB","Steve Kerbel",1
"Dodge","President",NA,"LIB","John McAfee",3
"Dodge","President",NA,"LIB","Austin Petersen",1
"Douglas","President",NA,"LIB","Marc Feldman",11
"Douglas","President",NA,"LIB","Gary Johnson",87
"Douglas","President",NA,"LIB","Steve Kerbel",9
"Douglas","President",NA,"LIB","John McAfee",24
"Douglas","President",NA,"LIB","Austin Petersen",39
"Dundy","President",NA,"LIB","Marc Feldman",0
"Dundy","President",NA,"LIB","Gary Johnson",0
"Dundy","President",NA,"LIB","Steve Kerbel",0
"Dundy","President",NA,"LIB","John McAfee",0
"Dundy","President",NA,"LIB","Austin Petersen",0
"Fillmore","President",NA,"LIB","Marc Feldman",2
"Fillmore","President",NA,"LIB","Gary Johnson",0
"Fillmore","President",NA,"LIB","Steve Kerbel",0
"Fillmore","President",NA,"LIB","John McAfee",1
"Fillmore","President",NA,"LIB","Austin Petersen",0
"Franklin","President",NA,"LIB","Marc Feldman",0
"Franklin","President",NA,"LIB","Gary Johnson",1
"Franklin","President",NA,"LIB","Steve Kerbel",0
"Franklin","President",NA,"LIB","John McAfee",0
"Franklin","President",NA,"LIB","Austin Petersen",0
"Frontier","President",NA,"LIB","Marc Feldman",0
"Frontier","President",NA,"LIB","Gary Johnson",0
"Frontier","President",NA,"LIB","Steve Kerbel",0
"Frontier","President",NA,"LIB","John McAfee",0
"Frontier","President",NA,"LIB","Austin Petersen",0
"Furnas","President",NA,"LIB","Marc Feldman",0
"Furnas","President",NA,"LIB","Gary Johnson",2
"Furnas","President",NA,"LIB","Steve Kerbel",0
"Furnas","President",NA,"LIB","John McAfee",1
"Furnas","President",NA,"LIB","Austin Petersen",1
"Gage","President",NA,"LIB","Marc Feldman",0
"Gage","President",NA,"LIB","Gary Johnson",4
"Gage","President",NA,"LIB","Steve Kerbel",2
"Gage","President",NA,"LIB","John McAfee",2
"Gage","President",NA,"LIB","Austin Petersen",2
"Garden","President",NA,"LIB","Marc Feldman",0
"Garden","President",NA,"LIB","Gary Johnson",0
"Garden","President",NA,"LIB","Steve Kerbel",0
"Garden","President",NA,"LIB","John McAfee",0
"Garden","President",NA,"LIB","Austin Petersen",0
"Garfield","President",NA,"LIB","Marc Feldman",0
"Garfield","President",NA,"LIB","Gary Johnson",0
"Garfield","President",NA,"LIB","Steve Kerbel",0
"Garfield","President",NA,"LIB","John McAfee",0
"Garfield","President",NA,"LIB","Austin Petersen",0
"Gosper","President",NA,"LIB","Marc Feldman",0
"Gosper","President",NA,"LIB","Gary Johnson",0
"Gosper","President",NA,"LIB","Steve Kerbel",0
"Gosper","President",NA,"LIB","John McAfee",0
"Gosper","President",NA,"LIB","Austin Petersen",0
"Grant","President",NA,"LIB","Marc Feldman",0
"Grant","President",NA,"LIB","Gary Johnson",0
"Grant","President",NA,"LIB","Steve Kerbel",0
"Grant","President",NA,"LIB","John McAfee",0
"Grant","President",NA,"LIB","Austin Petersen",0
"Greeley","President",NA,"LIB","Marc Feldman",0
"Greeley","President",NA,"LIB","Gary Johnson",0
"Greeley","President",NA,"LIB","Steve Kerbel",0
"Greeley","President",NA,"LIB","John McAfee",0
"Greeley","President",NA,"LIB","Austin Petersen",0
"Hall","President",NA,"LIB","Marc Feldman",1
"Hall","President",NA,"LIB","Gary Johnson",10
"Hall","President",NA,"LIB","Steve Kerbel",1
"Hall","President",NA,"LIB","John McAfee",2
"Hall","President",NA,"LIB","Austin Petersen",3
"Hamilton","President",NA,"LIB","Marc Feldman",0
"Hamilton","President",NA,"LIB","Gary Johnson",2
"Hamilton","President",NA,"LIB","Steve Kerbel",0
"Hamilton","President",NA,"LIB","John McAfee",0
"Hamilton","President",NA,"LIB","Austin Petersen",0
"Harlan","President",NA,"LIB","Marc Feldman",0
"Harlan","President",NA,"LIB","Gary Johnson",0
"Harlan","President",NA,"LIB","Steve Kerbel",0
"Harlan","President",NA,"LIB","John McAfee",0
"Harlan","President",NA,"LIB","Austin Petersen",0
"Hayes","President",NA,"LIB","Marc Feldman",0
"Hayes","President",NA,"LIB","Gary Johnson",0
"Hayes","President",NA,"LIB","Steve Kerbel",0
"Hayes","President",NA,"LIB","John McAfee",0
"Hayes","President",NA,"LIB","Austin Petersen",0
"Hitchcock","President",NA,"LIB","Marc Feldman",0
"Hitchcock","President",NA,"LIB","Gary Johnson",1
"Hitchcock","President",NA,"LIB","Steve Kerbel",0
"Hitchcock","President",NA,"LIB","John McAfee",0
"Hitchcock","President",NA,"LIB","Austin Petersen",0
"Holt","President",NA,"LIB","Marc Feldman",0
"Holt","President",NA,"LIB","Gary Johnson",2
"Holt","President",NA,"LIB","Steve Kerbel",0
"Holt","President",NA,"LIB","John McAfee",0
"Holt","President",NA,"LIB","Austin Petersen",0
"Hooker","President",NA,"LIB","Marc Feldman",0
"Hooker","President",NA,"LIB","Gary Johnson",0
"Hooker","President",NA,"LIB","Steve Kerbel",0
"Hooker","President",NA,"LIB","John McAfee",0
"Hooker","President",NA,"LIB","Austin Petersen",0
"Howard","President",NA,"LIB","Marc Feldman",0
"Howard","President",NA,"LIB","Gary Johnson",1
"Howard","President",NA,"LIB","Steve Kerbel",0
"Howard","President",NA,"LIB","John McAfee",0
"Howard","President",NA,"LIB","Austin Petersen",0
"Jefferson","President",NA,"LIB","Marc Feldman",0
"Jefferson","President",NA,"LIB","Gary Johnson",0
"Jefferson","President",NA,"LIB","Steve Kerbel",0
"Jefferson","President",NA,"LIB","John McAfee",0
"Jefferson","President",NA,"LIB","Austin Petersen",0
"Johnson","President",NA,"LIB","Marc Feldman",0
"Johnson","President",NA,"LIB","Gary Johnson",1
"Johnson","President",NA,"LIB","Steve Kerbel",0
"Johnson","President",NA,"LIB","John McAfee",1
"Johnson","President",NA,"LIB","Austin Petersen",1
"Kearney","President",NA,"LIB","Marc Feldman",1
"Kearney","President",NA,"LIB","Gary Johnson",0
"Kearney","President",NA,"LIB","Steve Kerbel",0
"Kearney","President",NA,"LIB","John McAfee",1
"Kearney","President",NA,"LIB","Austin Petersen",1
"Keith","President",NA,"LIB","Marc Feldman",0
"Keith","President",NA,"LIB","Gary Johnson",2
"Keith","President",NA,"LIB","Steve Kerbel",0
"Keith","President",NA,"LIB","John McAfee",1
"Keith","President",NA,"LIB","Austin Petersen",1
"Keya Paha","President",NA,"LIB","Marc Feldman",0
"Keya Paha","President",NA,"LIB","Gary Johnson",0
"Keya Paha","President",NA,"LIB","Steve Kerbel",0
"Keya Paha","President",NA,"LIB","John McAfee",0
"Keya Paha","President",NA,"LIB","Austin Petersen",0
"Kimball","President",NA,"LIB","Marc Feldman",0
"Kimball","President",NA,"LIB","Gary Johnson",0
"Kimball","President",NA,"LIB","Steve Kerbel",0
"Kimball","President",NA,"LIB","John McAfee",0
"Kimball","President",NA,"LIB","Austin Petersen",1
"Knox","President",NA,"LIB","Marc Feldman",0
"Knox","President",NA,"LIB","Gary Johnson",1
"Knox","President",NA,"LIB","Steve Kerbel",0
"Knox","President",NA,"LIB","John McAfee",0
"Knox","President",NA,"LIB","Austin Petersen",0
"Lancaster","President",NA,"LIB","Marc Feldman",15
"Lancaster","President",NA,"LIB","Gary Johnson",116
"Lancaster","President",NA,"LIB","Steve Kerbel",9
"Lancaster","President",NA,"LIB","John McAfee",43
"Lancaster","President",NA,"LIB","Austin Petersen",35
"Lincoln","President",NA,"LIB","Marc Feldman",1
"Lincoln","President",NA,"LIB","Gary Johnson",5
"Lincoln","President",NA,"LIB","Steve Kerbel",0
"Lincoln","President",NA,"LIB","John McAfee",0
"Lincoln","President",NA,"LIB","Austin Petersen",2
"Logan","President",NA,"LIB","Marc Feldman",0
"Logan","President",NA,"LIB","Gary Johnson",0
"Logan","President",NA,"LIB","Steve Kerbel",0
"Logan","President",NA,"LIB","John McAfee",0
"Logan","President",NA,"LIB","Austin Petersen",0
"Loup","President",NA,"LIB","Marc Feldman",0
"Loup","President",NA,"LIB","Gary Johnson",0
"Loup","President",NA,"LIB","Steve Kerbel",0
"Loup","President",NA,"LIB","John McAfee",0
"Loup","President",NA,"LIB","Austin Petersen",0
"Madison","President",NA,"LIB","Marc Feldman",0
"Madison","President",NA,"LIB","Gary Johnson",9
"Madison","President",NA,"LIB","Steve Kerbel",0
"Madison","President",NA,"LIB","John McAfee",3
"Madison","President",NA,"LIB","Austin Petersen",1
"McPherson","President",NA,"LIB","Marc Feldman",0
"McPherson","President",NA,"LIB","Gary Johnson",1
"McPherson","President",NA,"LIB","Steve Kerbel",0
"McPherson","President",NA,"LIB","John McAfee",0
"McPherson","President",NA,"LIB","Austin Petersen",0
"Merrick","President",NA,"LIB","Marc Feldman",0
"Merrick","President",NA,"LIB","Gary Johnson",1
"Merrick","President",NA,"LIB","Steve Kerbel",0
"Merrick","President",NA,"LIB","John McAfee",0
"Merrick","President",NA,"LIB","Austin Petersen",1
"Morrill","President",NA,"LIB","Marc Feldman",0
"Morrill","President",NA,"LIB","Gary Johnson",1
"Morrill","President",NA,"LIB","Steve Kerbel",0
"Morrill","President",NA,"LIB","John McAfee",0
"Morrill","President",NA,"LIB","Austin Petersen",1
"Nance","President",NA,"LIB","Marc Feldman",0
"Nance","President",NA,"LIB","Gary Johnson",0
"Nance","President",NA,"LIB","Steve Kerbel",0
"Nance","President",NA,"LIB","John McAfee",1
"Nance","President",NA,"LIB","Austin Petersen",0
"Nemaha","President",NA,"LIB","Marc Feldman",0
"Nemaha","President",NA,"LIB","Gary Johnson",1
"Nemaha","President",NA,"LIB","Steve Kerbel",0
"Nemaha","President",NA,"LIB","John McAfee",2
"Nemaha","President",NA,"LIB","Austin Petersen",0
"Nuckolls","President",NA,"LIB","Marc Feldman",0
"Nuckolls","President",NA,"LIB","Gary Johnson",0
"Nuckolls","President",NA,"LIB","Steve Kerbel",0
"Nuckolls","President",NA,"LIB","John McAfee",2
"Nuckolls","President",NA,"LIB","Austin Petersen",2
"Otoe","President",NA,"LIB","Marc Feldman",0
"Otoe","President",NA,"LIB","Gary Johnson",5
"Otoe","President",NA,"LIB","Steve Kerbel",0
"Otoe","President",NA,"LIB","John McAfee",0
"Otoe","President",NA,"LIB","Austin Petersen",2
"Pawnee","President",NA,"LIB","Marc Feldman",0
"Pawnee","President",NA,"LIB","Gary Johnson",0
"Pawnee","President",NA,"LIB","Steve Kerbel",0
"Pawnee","President",NA,"LIB","John McAfee",0
"Pawnee","President",NA,"LIB","Austin Petersen",0
"Perkins","President",NA,"LIB","Marc Feldman",0
"Perkins","President",NA,"LIB","Gary Johnson",2
"Perkins","President",NA,"LIB","Steve Kerbel",0
"Perkins","President",NA,"LIB","John McAfee",0
"Perkins","President",NA,"LIB","Austin Petersen",0
"Phelps","President",NA,"LIB","Marc Feldman",0
"Phelps","President",NA,"LIB","Gary Johnson",1
"Phelps","President",NA,"LIB","Steve Kerbel",0
"Phelps","President",NA,"LIB","John McAfee",0
"Phelps","President",NA,"LIB","Austin Petersen",0
"Pierce","President",NA,"LIB","Marc Feldman",0
"Pierce","President",NA,"LIB","Gary Johnson",0
"Pierce","President",NA,"LIB","Steve Kerbel",0
"Pierce","President",NA,"LIB","John McAfee",0
"Pierce","President",NA,"LIB","Austin Petersen",0
"Platte","President",NA,"LIB","Marc Feldman",0
"Platte","President",NA,"LIB","Gary Johnson",5
"Platte","President",NA,"LIB","Steve Kerbel",0
"Platte","President",NA,"LIB","John McAfee",0
"Platte","President",NA,"LIB","Austin Petersen",1
"Polk","President",NA,"LIB","Marc Feldman",0
"Polk","President",NA,"LIB","Gary Johnson",1
"Polk","President",NA,"LIB","Steve Kerbel",0
"Polk","President",NA,"LIB","John McAfee",0
"Polk","President",NA,"LIB","Austin Petersen",0
"Red Willow","President",NA,"LIB","Marc Feldman",2
"Red Willow","President",NA,"LIB","Gary Johnson",1
"Red Willow","President",NA,"LIB","Steve Kerbel",0
"Red Willow","President",NA,"LIB","John McAfee",1
"Red Willow","President",NA,"LIB","Austin Petersen",0
"Richardson","President",NA,"LIB","Marc Feldman",0
"Richardson","President",NA,"LIB","Gary Johnson",0
"Richardson","President",NA,"LIB","Steve Kerbel",0
"Richardson","President",NA,"LIB","John McAfee",0
"Richardson","President",NA,"LIB","Austin Petersen",1
"Rock","President",NA,"LIB","Marc Feldman",0
"Rock","President",NA,"LIB","Gary Johnson",0
"Rock","President",NA,"LIB","Steve Kerbel",0
"Rock","President",NA,"LIB","John McAfee",0
"Rock","President",NA,"LIB","Austin Petersen",0
"Saline","President",NA,"LIB","Marc Feldman",1
"Saline","President",NA,"LIB","Gary Johnson",1
"Saline","President",NA,"LIB","Steve Kerbel",1
"Saline","President",NA,"LIB","John McAfee",1
"Saline","President",NA,"LIB","Austin Petersen",0
"Sarpy","President",NA,"LIB","Marc Feldman",3
"Sarpy","President",NA,"LIB","Gary Johnson",37
"Sarpy","President",NA,"LIB","Steve Kerbel",4
"Sarpy","President",NA,"LIB","John McAfee",10
"Sarpy","President",NA,"LIB","Austin Petersen",12
"Saunders","President",NA,"LIB","Marc Feldman",0
"Saunders","President",NA,"LIB","Gary Johnson",1
"Saunders","President",NA,"LIB","Steve Kerbel",1
"Saunders","President",NA,"LIB","John McAfee",0
"Saunders","President",NA,"LIB","Austin Petersen",0
"Scotts Bluff","President",NA,"LIB","Marc Feldman",1
"Scotts Bluff","President",NA,"LIB","Gary Johnson",4
"Scotts Bluff","President",NA,"LIB","Steve Kerbel",0
"Scotts Bluff","President",NA,"LIB","John McAfee",3
"Scotts Bluff","President",NA,"LIB","Austin Petersen",4
"Seward","President",NA,"LIB","Marc Feldman",0
"Seward","President",NA,"LIB","Gary Johnson",0
"Seward","President",NA,"LIB","Steve Kerbel",0
"Seward","President",NA,"LIB","John McAfee",0
"Seward","President",NA,"LIB","Austin Petersen",0
"Sheridan","President",NA,"LIB","Marc Feldman",0
"Sheridan","President",NA,"LIB","Gary Johnson",2
"Sheridan","President",NA,"LIB","Steve Kerbel",0
"Sheridan","President",NA,"LIB","John McAfee",0
"Sheridan","President",NA,"LIB","Austin Petersen",1
"Sherman","President",NA,"LIB","Marc Feldman",0
"Sherman","President",NA,"LIB","Gary Johnson",0
"Sherman","President",NA,"LIB","Steve Kerbel",0
"Sherman","President",NA,"LIB","John McAfee",0
"Sherman","President",NA,"LIB","Austin Petersen",0
"Sioux","President",NA,"LIB","Marc Feldman",0
"Sioux","President",NA,"LIB","Gary Johnson",0
"Sioux","President",NA,"LIB","Steve Kerbel",0
"Sioux","President",NA,"LIB","John McAfee",0
"Sioux","President",NA,"LIB","Austin Petersen",2
"Stanton","President",NA,"LIB","Marc Feldman",1
"Stanton","President",NA,"LIB","Gary Johnson",1
"Stanton","President",NA,"LIB","Steve Kerbel",1
"Stanton","President",NA,"LIB","John McAfee",1
"Stanton","President",NA,"LIB","Austin Petersen",1
"Thayer","President",NA,"LIB","Marc Feldman",1
"Thayer","President",NA,"LIB","Gary Johnson",1
"Thayer","President",NA,"LIB","Steve Kerbel",0
"Thayer","President",NA,"LIB","John McAfee",0
"Thayer","President",NA,"LIB","Austin Petersen",0
"Thomas","President",NA,"LIB","Marc Feldman",0
"Thomas","President",NA,"LIB","Gary Johnson",0
"Thomas","President",NA,"LIB","Steve Kerbel",0
"Thomas","President",NA,"LIB","John McAfee",0
"Thomas","President",NA,"LIB","Austin Petersen",0
"Thurston","President",NA,"LIB","Marc Feldman",0
"Thurston","President",NA,"LIB","Gary Johnson",1
"Thurston","President",NA,"LIB","Steve Kerbel",0
"Thurston","President",NA,"LIB","John McAfee",0
"Thurston","President",NA,"LIB","Austin Petersen",0
"Valley","President",NA,"LIB","Marc Feldman",0
"Valley","President",NA,"LIB","Gary Johnson",2
"Valley","President",NA,"LIB","Steve Kerbel",0
"Valley","President",NA,"LIB","John McAfee",0
"Valley","President",NA,"LIB","Austin Petersen",1
"Washington","President",NA,"LIB","Marc Feldman",0
"Washington","President",NA,"LIB","Gary Johnson",6
"Washington","President",NA,"LIB","Steve Kerbel",1
"Washington","President",NA,"LIB","John McAfee",0
"Washington","President",NA,"LIB","Austin Petersen",2
"Wayne","President",NA,"LIB","Marc Feldman",0
"Wayne","President",NA,"LIB","Gary Johnson",4
"Wayne","President",NA,"LIB","Steve Kerbel",0
"Wayne","President",NA,"LIB","John McAfee",2
"Wayne","President",NA,"LIB","Austin Petersen",0
"Webster","President",NA,"LIB","Marc Feldman",0
"Webster","President",NA,"LIB","Gary Johnson",0
"Webster","President",NA,"LIB","Steve Kerbel",0
"Webster","President",NA,"LIB","John McAfee",0
"Webster","President",NA,"LIB","Austin Petersen",0
"Wheeler","President",NA,"LIB","Marc Feldman",0
"Wheeler","President",NA,"LIB","Gary Johnson",0
"Wheeler","President",NA,"LIB","Steve Kerbel",0
"Wheeler","President",NA,"LIB","John McAfee",0
"Wheeler","President",NA,"LIB","Austin Petersen",0
"York","President",NA,"LIB","Marc Feldman",0
"York","President",NA,"LIB","Gary Johnson",0
"York","President",NA,"LIB","Steve Kerbel",0
"York","President",NA,"LIB","John McAfee",0
"York","President",NA,"LIB","Austin Petersen",1
"Adams","President",NA,"REP","Ben Carson",296
"Adams","President",NA,"REP","Ted Cruz",726
"Adams","President",NA,"REP","John R. Kasich",486
"Adams","President",NA,"REP","Marco Rubio",193
"Adams","President",NA,"REP","Donald J. Trump",2805
"Antelope","President",NA,"REP","Ben Carson",83
"Antelope","President",NA,"REP","Ted Cruz",219
"Antelope","President",NA,"REP","John R. Kasich",86
"Antelope","President",NA,"REP","Marco Rubio",33
"Antelope","President",NA,"REP","Donald J. Trump",774
"Arthur","President",NA,"REP","Ben Carson",10
"Arthur","President",NA,"REP","Ted Cruz",32
"Arthur","President",NA,"REP","John R. Kasich",8
"Arthur","President",NA,"REP","Marco Rubio",4
"Arthur","President",NA,"REP","Donald J. Trump",68
"Banner","President",NA,"REP","Ben Carson",16
"Banner","President",NA,"REP","Ted Cruz",42
"Banner","President",NA,"REP","John R. Kasich",9
"Banner","President",NA,"REP","Marco Rubio",4
"Banner","President",NA,"REP","Donald J. Trump",109
"Blaine","President",NA,"REP","Ben Carson",2
"Blaine","President",NA,"REP","Ted Cruz",20
"Blaine","President",NA,"REP","John R. Kasich",6
"Blaine","President",NA,"REP","Marco Rubio",3
"Blaine","President",NA,"REP","Donald J. Trump",99
"Boone","President",NA,"REP","Ben Carson",49
"Boone","President",NA,"REP","Ted Cruz",187
"Boone","President",NA,"REP","John R. Kasich",154
"Boone","President",NA,"REP","Marco Rubio",45
"Boone","President",NA,"REP","Donald J. Trump",740
"Box Butte","President",NA,"REP","Ben Carson",80
"Box Butte","President",NA,"REP","Ted Cruz",259
"Box Butte","President",NA,"REP","John R. Kasich",173
"Box Butte","President",NA,"REP","Marco Rubio",49
"Box Butte","President",NA,"REP","Donald J. Trump",1202
"Boyd","President",NA,"REP","Ben Carson",25
"Boyd","President",NA,"REP","Ted Cruz",68
"Boyd","President",NA,"REP","John R. Kasich",43
"Boyd","President",NA,"REP","Marco Rubio",13
"Boyd","President",NA,"REP","Donald J. Trump",327
"Brown","President",NA,"REP","Ben Carson",36
"Brown","President",NA,"REP","Ted Cruz",79
"Brown","President",NA,"REP","John R. Kasich",33
"Brown","President",NA,"REP","Marco Rubio",18
"Brown","President",NA,"REP","Donald J. Trump",555
"Buffalo","President",NA,"REP","Ben Carson",367
"Buffalo","President",NA,"REP","Ted Cruz",987
"Buffalo","President",NA,"REP","John R. Kasich",587
"Buffalo","President",NA,"REP","Marco Rubio",235
"Buffalo","President",NA,"REP","Donald J. Trump",3762
"Burt","President",NA,"REP","Ben Carson",67
"Burt","President",NA,"REP","Ted Cruz",104
"Burt","President",NA,"REP","John R. Kasich",96
"Burt","President",NA,"REP","Marco Rubio",43
"Burt","President",NA,"REP","Donald J. Trump",607
"Butler","President",NA,"REP","Ben Carson",83
"Butler","President",NA,"REP","Ted Cruz",298
"Butler","President",NA,"REP","John R. Kasich",125
"Butler","President",NA,"REP","Marco Rubio",62
"Butler","President",NA,"REP","Donald J. Trump",914
"Cass","President",NA,"REP","Ben Carson",138
"Cass","President",NA,"REP","Ted Cruz",674
"Cass","President",NA,"REP","John R. Kasich",283
"Cass","President",NA,"REP","Marco Rubio",84
"Cass","President",NA,"REP","Donald J. Trump",1813
"Cedar","President",NA,"REP","Ben Carson",92
"Cedar","President",NA,"REP","Ted Cruz",337
"Cedar","President",NA,"REP","John R. Kasich",180
"Cedar","President",NA,"REP","Marco Rubio",53
"Cedar","President",NA,"REP","Donald J. Trump",775
"Chase","President",NA,"REP","Ben Carson",24
"Chase","President",NA,"REP","Ted Cruz",101
"Chase","President",NA,"REP","John R. Kasich",36
"Chase","President",NA,"REP","Marco Rubio",28
"Chase","President",NA,"REP","Donald J. Trump",478
"Cherry","President",NA,"REP","Ben Carson",87
"Cherry","President",NA,"REP","Ted Cruz",339
"Cherry","President",NA,"REP","John R. Kasich",136
"Cherry","President",NA,"REP","Marco Rubio",27
"Cherry","President",NA,"REP","Donald J. Trump",1220
"Cheyenne","President",NA,"REP","Ben Carson",103
"Cheyenne","President",NA,"REP","Ted Cruz",238
"Cheyenne","President",NA,"REP","John R. Kasich",137
"Cheyenne","President",NA,"REP","Marco Rubio",38
"Cheyenne","President",NA,"REP","Donald J. Trump",1137
"Clay","President",NA,"REP","Ben Carson",60
"Clay","President",NA,"REP","Ted Cruz",156
"Clay","President",NA,"REP","John R. Kasich",64
"Clay","President",NA,"REP","Marco Rubio",27
"Clay","President",NA,"REP","Donald J. Trump",664
"Colfax","President",NA,"REP","Ben Carson",35
"Colfax","President",NA,"REP","Ted Cruz",119
"Colfax","President",NA,"REP","John R. Kasich",67
"Colfax","President",NA,"REP","Marco Rubio",27
"Colfax","President",NA,"REP","Donald J. Trump",495
"Cuming","President",NA,"REP","Ben Carson",52
"Cuming","President",NA,"REP","Ted Cruz",194
"Cuming","President",NA,"REP","John R. Kasich",126
"Cuming","President",NA,"REP","Marco Rubio",40
"Cuming","President",NA,"REP","Donald J. Trump",766
"Custer","President",NA,"REP","Ben Carson",139
"Custer","President",NA,"REP","Ted Cruz",421
"Custer","President",NA,"REP","John R. Kasich",126
"Custer","President",NA,"REP","Marco Rubio",50
"Custer","President",NA,"REP","Donald J. Trump",1331
"Dakota","President",NA,"REP","Ben Carson",64
"Dakota","President",NA,"REP","Ted Cruz",194
"Dakota","President",NA,"REP","John R. Kasich",84
"Dakota","President",NA,"REP","Marco Rubio",55
"Dakota","President",NA,"REP","Donald J. Trump",826
"Dawes","President",NA,"REP","Ben Carson",75
"Dawes","President",NA,"REP","Ted Cruz",259
"Dawes","President",NA,"REP","John R. Kasich",129
"Dawes","President",NA,"REP","Marco Rubio",43
"Dawes","President",NA,"REP","Donald J. Trump",842
"Dawson","President",NA,"REP","Ben Carson",172
"Dawson","President",NA,"REP","Ted Cruz",454
"Dawson","President",NA,"REP","John R. Kasich",287
"Dawson","President",NA,"REP","Marco Rubio",86
"Dawson","President",NA,"REP","Donald J. Trump",1954
"Deuel","President",NA,"REP","Ben Carson",12
"Deuel","President",NA,"REP","Ted Cruz",38
"Deuel","President",NA,"REP","John R. Kasich",25
"Deuel","President",NA,"REP","Marco Rubio",4
"Deuel","President",NA,"REP","Donald J. Trump",274
"Dixon","President",NA,"REP","Ben Carson",48
"Dixon","President",NA,"REP","Ted Cruz",205
"Dixon","President",NA,"REP","John R. Kasich",111
"Dixon","President",NA,"REP","Marco Rubio",24
"Dixon","President",NA,"REP","Donald J. Trump",513
"Dodge","President",NA,"REP","Ben Carson",243
"Dodge","President",NA,"REP","Ted Cruz",583
"Dodge","President",NA,"REP","John R. Kasich",460
"Dodge","President",NA,"REP","Marco Rubio",158
"Dodge","President",NA,"REP","Donald J. Trump",2782
"Douglas","President",NA,"REP","Ben Carson",1663
"Douglas","President",NA,"REP","Ted Cruz",6273
"Douglas","President",NA,"REP","John R. Kasich",5057
"Douglas","President",NA,"REP","Marco Rubio",1542
"Douglas","President",NA,"REP","Donald J. Trump",24384
"Dundy","President",NA,"REP","Ben Carson",10
"Dundy","President",NA,"REP","Ted Cruz",62
"Dundy","President",NA,"REP","John R. Kasich",26
"Dundy","President",NA,"REP","Marco Rubio",4
"Dundy","President",NA,"REP","Donald J. Trump",219
"Fillmore","President",NA,"REP","Ben Carson",53
"Fillmore","President",NA,"REP","Ted Cruz",148
"Fillmore","President",NA,"REP","John R. Kasich",102
"Fillmore","President",NA,"REP","Marco Rubio",35
"Fillmore","President",NA,"REP","Donald J. Trump",576
"Franklin","President",NA,"REP","Ben Carson",16
"Franklin","President",NA,"REP","Ted Cruz",64
"Franklin","President",NA,"REP","John R. Kasich",30
"Franklin","President",NA,"REP","Marco Rubio",12
"Franklin","President",NA,"REP","Donald J. Trump",333
"Frontier","President",NA,"REP","Ben Carson",19
"Frontier","President",NA,"REP","Ted Cruz",62
"Frontier","President",NA,"REP","John R. Kasich",34
"Frontier","President",NA,"REP","Marco Rubio",10
"Frontier","President",NA,"REP","Donald J. Trump",315
"Furnas","President",NA,"REP","Ben Carson",45
"Furnas","President",NA,"REP","Ted Cruz",116
"Furnas","President",NA,"REP","John R. Kasich",57
"Furnas","President",NA,"REP","Marco Rubio",31
"Furnas","President",NA,"REP","Donald J. Trump",550
"Gage","President",NA,"REP","Ben Carson",95
"Gage","President",NA,"REP","Ted Cruz",634
"Gage","President",NA,"REP","John R. Kasich",390
"Gage","President",NA,"REP","Marco Rubio",58
"Gage","President",NA,"REP","Donald J. Trump",1413
"Garden","President",NA,"REP","Ben Carson",18
"Garden","President",NA,"REP","Ted Cruz",61
"Garden","President",NA,"REP","John R. Kasich",22
"Garden","President",NA,"REP","Marco Rubio",10
"Garden","President",NA,"REP","Donald J. Trump",372
"Garfield","President",NA,"REP","Ben Carson",26
"Garfield","President",NA,"REP","Ted Cruz",58
"Garfield","President",NA,"REP","John R. Kasich",23
"Garfield","President",NA,"REP","Marco Rubio",10
"Garfield","President",NA,"REP","Donald J. Trump",227
"Gosper","President",NA,"REP","Ben Carson",22
"Gosper","President",NA,"REP","Ted Cruz",44
"Gosper","President",NA,"REP","John R. Kasich",40
"Gosper","President",NA,"REP","Marco Rubio",9
"Gosper","President",NA,"REP","Donald J. Trump",261
"Grant","President",NA,"REP","Ben Carson",11
"Grant","President",NA,"REP","Ted Cruz",41
"Grant","President",NA,"REP","John R. Kasich",10
"Grant","President",NA,"REP","Marco Rubio",5
"Grant","President",NA,"REP","Donald J. Trump",162
"Greeley","President",NA,"REP","Ben Carson",13
"Greeley","President",NA,"REP","Ted Cruz",64
"Greeley","President",NA,"REP","John R. Kasich",23
"Greeley","President",NA,"REP","Marco Rubio",11
"Greeley","President",NA,"REP","Donald J. Trump",125
"Hall","President",NA,"REP","Ben Carson",263
"Hall","President",NA,"REP","Ted Cruz",901
"Hall","President",NA,"REP","John R. Kasich",689
"Hall","President",NA,"REP","Marco Rubio",205
"Hall","President",NA,"REP","Donald J. Trump",3844
"Hamilton","President",NA,"REP","Ben Carson",113
"Hamilton","President",NA,"REP","Ted Cruz",495
"Hamilton","President",NA,"REP","John R. Kasich",206
"Hamilton","President",NA,"REP","Marco Rubio",58
"Hamilton","President",NA,"REP","Donald J. Trump",1031
"Harlan","President",NA,"REP","Ben Carson",27
"Harlan","President",NA,"REP","Ted Cruz",151
"Harlan","President",NA,"REP","John R. Kasich",71
"Harlan","President",NA,"REP","Marco Rubio",19
"Harlan","President",NA,"REP","Donald J. Trump",436
"Hayes","President",NA,"REP","Ben Carson",9
"Hayes","President",NA,"REP","Ted Cruz",33
"Hayes","President",NA,"REP","John R. Kasich",5
"Hayes","President",NA,"REP","Marco Rubio",7
"Hayes","President",NA,"REP","Donald J. Trump",103
"Hitchcock","President",NA,"REP","Ben Carson",27
"Hitchcock","President",NA,"REP","Ted Cruz",62
"Hitchcock","President",NA,"REP","John R. Kasich",23
"Hitchcock","President",NA,"REP","Marco Rubio",11
"Hitchcock","President",NA,"REP","Donald J. Trump",307
"Holt","President",NA,"REP","Ben Carson",140
"Holt","President",NA,"REP","Ted Cruz",273
"Holt","President",NA,"REP","John R. Kasich",152
"Holt","President",NA,"REP","Marco Rubio",47
"Holt","President",NA,"REP","Donald J. Trump",1316
"Hooker","President",NA,"REP","Ben Carson",16
"Hooker","President",NA,"REP","Ted Cruz",23
"Hooker","President",NA,"REP","John R. Kasich",11
"Hooker","President",NA,"REP","Marco Rubio",3
"Hooker","President",NA,"REP","Donald J. Trump",119
"Howard","President",NA,"REP","Ben Carson",48
"Howard","President",NA,"REP","Ted Cruz",137
"Howard","President",NA,"REP","John R. Kasich",71
"Howard","President",NA,"REP","Marco Rubio",38
"Howard","President",NA,"REP","Donald J. Trump",534
"Jefferson","President",NA,"REP","Ben Carson",48
"Jefferson","President",NA,"REP","Ted Cruz",147
"Jefferson","President",NA,"REP","John R. Kasich",89
"Jefferson","President",NA,"REP","Marco Rubio",23
"Jefferson","President",NA,"REP","Donald J. Trump",533
"Johnson","President",NA,"REP","Ben Carson",35
"Johnson","President",NA,"REP","Ted Cruz",82
"Johnson","President",NA,"REP","John R. Kasich",57
"Johnson","President",NA,"REP","Marco Rubio",18
"Johnson","President",NA,"REP","Donald J. Trump",328
"Kearney","President",NA,"REP","Ben Carson",68
"Kearney","President",NA,"REP","Ted Cruz",161
"Kearney","President",NA,"REP","John R. Kasich",64
"Kearney","President",NA,"REP","Marco Rubio",34
"Kearney","President",NA,"REP","Donald J. Trump",617
"Keith","President",NA,"REP","Ben Carson",95
"Keith","President",NA,"REP","Ted Cruz",260
"Keith","President",NA,"REP","John R. Kasich",144
"Keith","President",NA,"REP","Marco Rubio",46
"Keith","President",NA,"REP","Donald J. Trump",1258
"Keya Paha","President",NA,"REP","Ben Carson",20
"Keya Paha","President",NA,"REP","Ted Cruz",31
"Keya Paha","President",NA,"REP","John R. Kasich",15
"Keya Paha","President",NA,"REP","Marco Rubio",4
"Keya Paha","President",NA,"REP","Donald J. Trump",203
"Kimball","President",NA,"REP","Ben Carson",38
"Kimball","President",NA,"REP","Ted Cruz",83
"Kimball","President",NA,"REP","John R. Kasich",40
"Kimball","President",NA,"REP","Marco Rubio",13
"Kimball","President",NA,"REP","Donald J. Trump",444
"Knox","President",NA,"REP","Ben Carson",62
"Knox","President",NA,"REP","Ted Cruz",193
"Knox","President",NA,"REP","John R. Kasich",102
"Knox","President",NA,"REP","Marco Rubio",27
"Knox","President",NA,"REP","Donald J. Trump",642
"Lancaster","President",NA,"REP","Ben Carson",1193
"Lancaster","President",NA,"REP","Ted Cruz",6780
"Lancaster","President",NA,"REP","John R. Kasich",4678
"Lancaster","President",NA,"REP","Marco Rubio",1212
"Lancaster","President",NA,"REP","Donald J. Trump",13351
"Lincoln","President",NA,"REP","Ben Carson",270
"Lincoln","President",NA,"REP","Ted Cruz",857
"Lincoln","President",NA,"REP","John R. Kasich",362
"Lincoln","President",NA,"REP","Marco Rubio",141
"Lincoln","President",NA,"REP","Donald J. Trump",3252
"Logan","President",NA,"REP","Ben Carson",25
"Logan","President",NA,"REP","Ted Cruz",60
"Logan","President",NA,"REP","John R. Kasich",12
"Logan","President",NA,"REP","Marco Rubio",3
"Logan","President",NA,"REP","Donald J. Trump",166
"Loup","President",NA,"REP","Ben Carson",6
"Loup","President",NA,"REP","Ted Cruz",25
"Loup","President",NA,"REP","John R. Kasich",10
"Loup","President",NA,"REP","Marco Rubio",5
"Loup","President",NA,"REP","Donald J. Trump",101
"Madison","President",NA,"REP","Ben Carson",217
"Madison","President",NA,"REP","Ted Cruz",762
"Madison","President",NA,"REP","John R. Kasich",347
"Madison","President",NA,"REP","Marco Rubio",163
"Madison","President",NA,"REP","Donald J. Trump",2283
"McPherson","President",NA,"REP","Ben Carson",12
"McPherson","President",NA,"REP","Ted Cruz",41
"McPherson","President",NA,"REP","John R. Kasich",9
"McPherson","President",NA,"REP","Marco Rubio",9
"McPherson","President",NA,"REP","Donald J. Trump",114
"Merrick","President",NA,"REP","Ben Carson",65
"Merrick","President",NA,"REP","Ted Cruz",319
"Merrick","President",NA,"REP","John R. Kasich",124
"Merrick","President",NA,"REP","Marco Rubio",36
"Merrick","President",NA,"REP","Donald J. Trump",779
"Morrill","President",NA,"REP","Ben Carson",55
"Morrill","President",NA,"REP","Ted Cruz",141
"Morrill","President",NA,"REP","John R. Kasich",79
"Morrill","President",NA,"REP","Marco Rubio",18
"Morrill","President",NA,"REP","Donald J. Trump",699
"Nance","President",NA,"REP","Ben Carson",25
"Nance","President",NA,"REP","Ted Cruz",58
"Nance","President",NA,"REP","John R. Kasich",40
"Nance","President",NA,"REP","Marco Rubio",15
"Nance","President",NA,"REP","Donald J. Trump",311
"Nemaha","President",NA,"REP","Ben Carson",65
"Nemaha","President",NA,"REP","Ted Cruz",177
"Nemaha","President",NA,"REP","John R. Kasich",80
"Nemaha","President",NA,"REP","Marco Rubio",42
"Nemaha","President",NA,"REP","Donald J. Trump",478
"Nuckolls","President",NA,"REP","Ben Carson",49
"Nuckolls","President",NA,"REP","Ted Cruz",86
"Nuckolls","President",NA,"REP","John R. Kasich",45
"Nuckolls","President",NA,"REP","Marco Rubio",18
"Nuckolls","President",NA,"REP","Donald J. Trump",449
"Otoe","President",NA,"REP","Ben Carson",152
"Otoe","President",NA,"REP","Ted Cruz",385
"Otoe","President",NA,"REP","John R. Kasich",278
"Otoe","President",NA,"REP","Marco Rubio",63
"Otoe","President",NA,"REP","Donald J. Trump",1264
"Pawnee","President",NA,"REP","Ben Carson",16
"Pawnee","President",NA,"REP","Ted Cruz",60
"Pawnee","President",NA,"REP","John R. Kasich",39
"Pawnee","President",NA,"REP","Marco Rubio",15
"Pawnee","President",NA,"REP","Donald J. Trump",226
"Perkins","President",NA,"REP","Ben Carson",41
"Perkins","President",NA,"REP","Ted Cruz",126
"Perkins","President",NA,"REP","John R. Kasich",62
"Perkins","President",NA,"REP","Marco Rubio",11
"Perkins","President",NA,"REP","Donald J. Trump",337
"Phelps","President",NA,"REP","Ben Carson",86
"Phelps","President",NA,"REP","Ted Cruz",308
"Phelps","President",NA,"REP","John R. Kasich",166
"Phelps","President",NA,"REP","Marco Rubio",50
"Phelps","President",NA,"REP","Donald J. Trump",965
"Pierce","President",NA,"REP","Ben Carson",41
"Pierce","President",NA,"REP","Ted Cruz",177
"Pierce","President",NA,"REP","John R. Kasich",69
"Pierce","President",NA,"REP","Marco Rubio",43
"Pierce","President",NA,"REP","Donald J. Trump",617
"Platte","President",NA,"REP","Ben Carson",229
"Platte","President",NA,"REP","Ted Cruz",742
"Platte","President",NA,"REP","John R. Kasich",469
"Platte","President",NA,"REP","Marco Rubio",146
"Platte","President",NA,"REP","Donald J. Trump",2917
"Polk","President",NA,"REP","Ben Carson",44
"Polk","President",NA,"REP","Ted Cruz",157
"Polk","President",NA,"REP","John R. Kasich",99
"Polk","President",NA,"REP","Marco Rubio",25
"Polk","President",NA,"REP","Donald J. Trump",438
"Red Willow","President",NA,"REP","Ben Carson",94
"Red Willow","President",NA,"REP","Ted Cruz",228
"Red Willow","President",NA,"REP","John R. Kasich",128
"Red Willow","President",NA,"REP","Marco Rubio",53
"Red Willow","President",NA,"REP","Donald J. Trump",1180
"Richardson","President",NA,"REP","Ben Carson",59
"Richardson","President",NA,"REP","Ted Cruz",168
"Richardson","President",NA,"REP","John R. Kasich",110
"Richardson","President",NA,"REP","Marco Rubio",25
"Richardson","President",NA,"REP","Donald J. Trump",703
"Rock","President",NA,"REP","Ben Carson",26
"Rock","President",NA,"REP","Ted Cruz",74
"Rock","President",NA,"REP","John R. Kasich",31
"Rock","President",NA,"REP","Marco Rubio",13
"Rock","President",NA,"REP","Donald J. Trump",308
"Saline","President",NA,"REP","Ben Carson",53
"Saline","President",NA,"REP","Ted Cruz",177
"Saline","President",NA,"REP","John R. Kasich",102
"Saline","President",NA,"REP","Marco Rubio",23
"Saline","President",NA,"REP","Donald J. Trump",563
"Sarpy","President",NA,"REP","Ben Carson",683
"Sarpy","President",NA,"REP","Ted Cruz",2846
"Sarpy","President",NA,"REP","John R. Kasich",1686
"Sarpy","President",NA,"REP","Marco Rubio",634
"Sarpy","President",NA,"REP","Donald J. Trump",9493
"Saunders","President",NA,"REP","Ben Carson",147
"Saunders","President",NA,"REP","Ted Cruz",535
"Saunders","President",NA,"REP","John R. Kasich",287
"Saunders","President",NA,"REP","Marco Rubio",111
"Saunders","President",NA,"REP","Donald J. Trump",1776
"Scotts Bluff","President",NA,"REP","Ben Carson",152
"Scotts Bluff","President",NA,"REP","Ted Cruz",780
"Scotts Bluff","President",NA,"REP","John R. Kasich",404
"Scotts Bluff","President",NA,"REP","Marco Rubio",111
"Scotts Bluff","President",NA,"REP","Donald J. Trump",2407
"Seward","President",NA,"REP","Ben Carson",99
"Seward","President",NA,"REP","Ted Cruz",472
"Seward","President",NA,"REP","John R. Kasich",229
"Seward","President",NA,"REP","Marco Rubio",54
"Seward","President",NA,"REP","Donald J. Trump",939
"Sheridan","President",NA,"REP","Ben Carson",58
"Sheridan","President",NA,"REP","Ted Cruz",135
"Sheridan","President",NA,"REP","John R. Kasich",55
"Sheridan","President",NA,"REP","Marco Rubio",23
"Sheridan","President",NA,"REP","Donald J. Trump",810
"Sherman","President",NA,"REP","Ben Carson",15
"Sherman","President",NA,"REP","Ted Cruz",57
"Sherman","President",NA,"REP","John R. Kasich",42
"Sherman","President",NA,"REP","Marco Rubio",11
"Sherman","President",NA,"REP","Donald J. Trump",263
"Sioux","President",NA,"REP","Ben Carson",12
"Sioux","President",NA,"REP","Ted Cruz",83
"Sioux","President",NA,"REP","John R. Kasich",26
"Sioux","President",NA,"REP","Marco Rubio",8
"Sioux","President",NA,"REP","Donald J. Trump",195
"Stanton","President",NA,"REP","Ben Carson",24
"Stanton","President",NA,"REP","Ted Cruz",250
"Stanton","President",NA,"REP","John R. Kasich",100
"Stanton","President",NA,"REP","Marco Rubio",34
"Stanton","President",NA,"REP","Donald J. Trump",541
"Thayer","President",NA,"REP","Ben Carson",44
"Thayer","President",NA,"REP","Ted Cruz",134
"Thayer","President",NA,"REP","John R. Kasich",88
"Thayer","President",NA,"REP","Marco Rubio",28
"Thayer","President",NA,"REP","Donald J. Trump",471
"Thomas","President",NA,"REP","Ben Carson",9
"Thomas","President",NA,"REP","Ted Cruz",30
"Thomas","President",NA,"REP","John R. Kasich",14
"Thomas","President",NA,"REP","Marco Rubio",7
"Thomas","President",NA,"REP","Donald J. Trump",176
"Thurston","President",NA,"REP","Ben Carson",22
"Thurston","President",NA,"REP","Ted Cruz",59
"Thurston","President",NA,"REP","John R. Kasich",32
"Thurston","President",NA,"REP","Marco Rubio",14
"Thurston","President",NA,"REP","Donald J. Trump",239
"Valley","President",NA,"REP","Ben Carson",45
"Valley","President",NA,"REP","Ted Cruz",128
"Valley","President",NA,"REP","John R. Kasich",55
"Valley","President",NA,"REP","Marco Rubio",21
"Valley","President",NA,"REP","Donald J. Trump",517
"Washington","President",NA,"REP","Ben Carson",218
"Washington","President",NA,"REP","Ted Cruz",575
"Washington","President",NA,"REP","John R. Kasich",367
"Washington","President",NA,"REP","Marco Rubio",156
"Washington","President",NA,"REP","Donald J. Trump",2304
"Wayne","President",NA,"REP","Ben Carson",73
"Wayne","President",NA,"REP","Ted Cruz",244
"Wayne","President",NA,"REP","John R. Kasich",149
"Wayne","President",NA,"REP","Marco Rubio",78
"Wayne","President",NA,"REP","Donald J. Trump",706
"Webster","President",NA,"REP","Ben Carson",29
"Webster","President",NA,"REP","Ted Cruz",86
"Webster","President",NA,"REP","John R. Kasich",31
"Webster","President",NA,"REP","Marco Rubio",13
"Webster","President",NA,"REP","Donald J. Trump",376
"Wheeler","President",NA,"REP","Ben Carson",8
"Wheeler","President",NA,"REP","Ted Cruz",20
"Wheeler","President",NA,"REP","John R. Kasich",15
"Wheeler","President",NA,"REP","Marco Rubio",8
"Wheeler","President",NA,"REP","Donald J. Trump",79
"York","President",NA,"REP","Ben Carson",97
"York","President",NA,"REP","Ted Cruz",369
"York","President",NA,"REP","John R. Kasich",180
"York","President",NA,"REP","Marco Rubio",57
"York","President",NA,"REP","Donald J. Trump",1050
"Burt","U.S. House",1,"DEM","Daniel M. Wik",268
"Burt","U.S. House",1,"REP","Jeff Fortenberry",879
"Butler","U.S. House",1,"DEM","Daniel M. Wik",371
"Butler","U.S. House",1,"REP","Jeff Fortenberry",1373
"Cass","U.S. House",1,"DEM","Daniel M. Wik",889
"Cass","U.S. House",1,"REP","Jeff Fortenberry",2806
"Colfax","U.S. House",1,"DEM","Daniel M. Wik",264
"Colfax","U.S. House",1,"REP","Jeff Fortenberry",708
"Cuming","U.S. House",1,"DEM","Daniel M. Wik",218
"Cuming","U.S. House",1,"REP","Jeff Fortenberry",1163
"Dixon","U.S. House",1,"DEM","Daniel M. Wik",14
"Dixon","U.S. House",1,"REP","Jeff Fortenberry",19
"Dodge","U.S. House",1,"DEM","Daniel M. Wik",1327
"Dodge","U.S. House",1,"REP","Jeff Fortenberry",4041
"Lancaster","U.S. House",1,"DEM","Daniel M. Wik",16551
"Lancaster","U.S. House",1,"REP","Jeff Fortenberry",26962
"Madison","U.S. House",1,"DEM","Daniel M. Wik",627
"Madison","U.S. House",1,"REP","Jeff Fortenberry",3560
"Otoe","U.S. House",1,"DEM","Daniel M. Wik",572
"Otoe","U.S. House",1,"REP","Jeff Fortenberry",2093
"Platte","U.S. House",1,"DEM","Daniel M. Wik",874
"Platte","U.S. House",1,"REP","Jeff Fortenberry",4153
"Polk","U.S. House",1,"DEM","Daniel M. Wik",130
"Polk","U.S. House",1,"REP","Jeff Fortenberry",719
"Sarpy","U.S. House",1,"DEM","Daniel M. Wik",1686
"Sarpy","U.S. House",1,"REP","Jeff Fortenberry",5307
"Saunders","U.S. House",1,"DEM","Daniel M. Wik",619
"Saunders","U.S. House",1,"REP","Jeff Fortenberry",2660
"Seward","U.S. House",1,"DEM","Daniel M. Wik",379
"Seward","U.S. House",1,"REP","Jeff Fortenberry",1738
"Stanton","U.S. House",1,"DEM","Daniel M. Wik",134
"Stanton","U.S. House",1,"REP","Jeff Fortenberry",876
"Thurston","U.S. House",1,"DEM","Daniel M. Wik",168
"Thurston","U.S. House",1,"REP","Jeff Fortenberry",345
"Washington","U.S. House",1,"DEM","Daniel M. Wik",671
"Washington","U.S. House",1,"REP","Jeff Fortenberry",3302
"Douglas","U.S. House",2,"DEM","Brad Ashford",21083
"Douglas","U.S. House",2,"REP","Chip Maxwell",13839
"Douglas","U.S. House",2,"REP","Don Bacon",25210
"Douglas","U.S. House",2,"LIB","Andy Shambaugh",71
"Douglas","U.S. House",2,"LIB","Jeffrey Lynn Stein",30
"Douglas","U.S. House",2,"LIB","Steven Laird",95
"Sarpy","U.S. House",2,"DEM","Brad Ashford",2387
"Sarpy","U.S. House",2,"REP","Chip Maxwell",2838
"Sarpy","U.S. House",2,"REP","Don Bacon",7118
"Sarpy","U.S. House",2,"LIB","Andy Shambaugh",18
"Sarpy","U.S. House",2,"LIB","Jeffrey Lynn Stein",7
"Sarpy","U.S. House",2,"LIB","Steven Laird",13
"Adams","U.S. House",3,"REP","Adrian Smith",4153
"Antelope","U.S. House",3,"REP","Adrian Smith",1069
"Arthur","U.S. House",3,"REP","Adrian Smith",116
"Banner","U.S. House",3,"REP","Adrian Smith",154
"Blaine","U.S. House",3,"REP","Adrian Smith",131
"Boone","U.S. House",3,"REP","Adrian Smith",1067
"Box Butte","U.S. House",3,"REP","Adrian Smith",1625
"Boyd","U.S. House",3,"REP","Adrian Smith",396
"Brown","U.S. House",3,"REP","Adrian Smith",651
"Buffalo","U.S. House",3,"REP","Adrian Smith",5543
"Cedar","U.S. House",3,"REP","Adrian Smith",1293
"Chase","U.S. House",3,"REP","Adrian Smith",642
"Cherry","U.S. House",3,"REP","Adrian Smith",1462
"Cheyenne","U.S. House",3,"REP","Adrian Smith",1528
"Clay","U.S. House",3,"REP","Adrian Smith",948
"Custer","U.S. House",3,"REP","Adrian Smith",1925
"Dakota","U.S. House",3,"REP","Adrian Smith",1074
"Dawes","U.S. House",3,"REP","Adrian Smith",1216
"Dawson","U.S. House",3,"REP","Adrian Smith",2758
"Deuel","U.S. House",3,"REP","Adrian Smith",325
"Dixon","U.S. House",3,"REP","Adrian Smith",764
"Dundy","U.S. House",3,"REP","Adrian Smith",305
"Fillmore","U.S. House",3,"REP","Adrian Smith",884
"Franklin","U.S. House",3,"REP","Adrian Smith",432
"Frontier","U.S. House",3,"REP","Adrian Smith",418
"Furnas","U.S. House",3,"REP","Adrian Smith",780
"Gage","U.S. House",3,"REP","Adrian Smith",2377
"Garden","U.S. House",3,"REP","Adrian Smith",451
"Garfield","U.S. House",3,"REP","Adrian Smith",317
"Gosper","U.S. House",3,"REP","Adrian Smith",373
"Grant","U.S. House",3,"REP","Adrian Smith",201
"Greeley","U.S. House",3,"REP","Adrian Smith",229
"Hall","U.S. House",3,"REP","Adrian Smith",5333
"Hamilton","U.S. House",3,"REP","Adrian Smith",1741
"Harlan","U.S. House",3,"REP","Adrian Smith",656
"Hayes","U.S. House",3,"REP","Adrian Smith",139
"Hitchcock","U.S. House",3,"REP","Adrian Smith",404
"Holt","U.S. House",3,"REP","Adrian Smith",1706
"Hooker","U.S. House",3,"REP","Adrian Smith",160
"Howard","U.S. House",3,"REP","Adrian Smith",742
"Jefferson","U.S. House",3,"REP","Adrian Smith",824
"Johnson","U.S. House",3,"REP","Adrian Smith",473
"Kearney","U.S. House",3,"REP","Adrian Smith",902
"Keith","U.S. House",3,"REP","Adrian Smith",1648
"Keya Paha","U.S. House",3,"REP","Adrian Smith",241
"Kimball","U.S. House",3,"REP","Adrian Smith",593
"Knox","U.S. House",3,"REP","Adrian Smith",971
"Lincoln","U.S. House",3,"REP","Adrian Smith",4569
"Logan","U.S. House",3,"REP","Adrian Smith",255
"Loup","U.S. House",3,"REP","Adrian Smith",136
"McPherson","U.S. House",3,"REP","Adrian Smith",180
"Merrick","U.S. House",3,"REP","Adrian Smith",1212
"Morrill","U.S. House",3,"REP","Adrian Smith",850
"Nance","U.S. House",3,"REP","Adrian Smith",396
"Nemaha","U.S. House",3,"REP","Adrian Smith",790
"Nuckolls","U.S. House",3,"REP","Adrian Smith",619
"Pawnee","U.S. House",3,"REP","Adrian Smith",327
"Perkins","U.S. House",3,"REP","Adrian Smith",547
"Phelps","U.S. House",3,"REP","Adrian Smith",1482
"Pierce","U.S. House",3,"REP","Adrian Smith",895
"Red Willow","U.S. House",3,"REP","Adrian Smith",1618
"Richardson","U.S. House",3,"REP","Adrian Smith",951
"Rock","U.S. House",3,"REP","Adrian Smith",421
"Saline","U.S. House",3,"REP","Adrian Smith",874
"Scotts Bluff","U.S. House",3,"REP","Adrian Smith",3264
"Sheridan","U.S. House",3,"REP","Adrian Smith",902
"Sherman","U.S. House",3,"REP","Adrian Smith",372
"Sioux","U.S. House",3,"REP","Adrian Smith",277
"Thayer","U.S. House",3,"REP","Adrian Smith",703
"Thomas","U.S. House",3,"REP","Adrian Smith",218
"Valley","U.S. House",3,"REP","Adrian Smith",735
"Wayne","U.S. House",3,"REP","Adrian Smith",1180
"Webster","U.S. House",3,"REP","Adrian Smith",505
"Wheeler","U.S. House",3,"REP","Adrian Smith",114
"York","U.S. House",3,"REP","Adrian Smith",1622
"Johnson","State Legislature",1,"","Dan Watermeier",650
"Nemaha","State Legislature",1,"","Dan Watermeier",1107
"Otoe","State Legislature",1,"","Dan Watermeier",2478
"Pawnee","State Legislature",1,"","Dan Watermeier",446
"Richardson","State Legislature",1,"","Dan Watermeier",1325
"Sarpy","State Legislature",3,"","Carol Blood",2000
"Sarpy","State Legislature",3,"","Tommy Garrett",2544
"Douglas","State Legislature",5,"","Gilbert Ayala",641
"Douglas","State Legislature",5,"","Mike McDonnell",2036
"Douglas","State Legislature",7,"","John Synowiecki",745
"Douglas","State Legislature",7,"","Nicole Fox",725
"Douglas","State Legislature",7,"","Tony Vargas",1220
"Douglas","State Legislature",9,"","Larry Roland",874
"Douglas","State Legislature",9,"","Sara Howard",3491
"Douglas","State Legislature",9,"","Van Argyrakis",171
"Douglas","State Legislature",11,"","Ernie Chambers",1254
"Douglas","State Legislature",11,"","Fonte Hamilton",153
"Douglas","State Legislature",11,"","John Sciara",305
"Douglas","State Legislature",13,"","Jake Seeman",329
"Douglas","State Legislature",13,"","Jill Brown",1834
"Douglas","State Legislature",13,"","Justin Wayne",1929
"Douglas","State Legislature",13,"","Mark G. Elworth, Jr.",255
"Dodge","State Legislature",15,"","David A. Schnoor",3433
"Dodge","State Legislature",15,"","Lynne M. Walz",2871
"Dakota","State Legislature",17,"","Ardel Bengtson",1053
"Dakota","State Legislature",17,"","Joni Albrecht",1214
"Dakota","State Legislature",17,"","Louis E. Benscoter",109
"Thurston","State Legislature",17,"","Ardel Bengtson",87
"Thurston","State Legislature",17,"","Joni Albrecht",535
"Thurston","State Legislature",17,"","Louis E. Benscoter",28
"Wayne","State Legislature",17,"","Ardel Bengtson",356
"Wayne","State Legislature",17,"","Joni Albrecht",1228
"Wayne","State Legislature",17,"","Louis E. Benscoter",146
"Madison","State Legislature",19,"","Jim Scheer",4197
"Stanton","State Legislature",19,"","Jim Scheer",239
"Lancaster","State Legislature",21,"","Larry Scherer",1936
"Lancaster","State Legislature",21,"","Mike Hilgers",3053
"Lancaster","State Legislature",21,"","Rick Vest",732
"Butler","State Legislature",23,"","Bruce Bostelman",1362
"Butler","State Legislature",23,"","Jerry Johnson",759
"Colfax","State Legislature",23,"","Bruce Bostelman",441
"Colfax","State Legislature",23,"","Jerry Johnson",393
"Saunders","State Legislature",23,"","Bruce Bostelman",1807
"Saunders","State Legislature",23,"","Jerry Johnson",1863
"Lancaster","State Legislature",25,"","Dale Michels",1441
"Lancaster","State Legislature",25,"","David D. Tagart",351
"Lancaster","State Legislature",25,"","Jim Gordon",3592
"Lancaster","State Legislature",25,"","Leslie Spry",1696
"Lancaster","State Legislature",25,"","Suzanne Geist",4004
"Lancaster","State Legislature",27,"","Anna Wishart",3353
"Lancaster","State Legislature",27,"","Deb Andrews",426
"Lancaster","State Legislature",27,"","Dick Clark",1613
"Lancaster","State Legislature",29,"","Kate Bolz",6261
"Lancaster","State Legislature",29,"","Melody Vaccaro",1294
"Douglas","State Legislature",31,"","Ian M. Swanson",2911
"Douglas","State Legislature",31,"","Peter H. Mayberry",522
"Douglas","State Legislature",31,"","Rick Kolowski",2430
"Adams","State Legislature",33,"","Les Seiler",2649
"Adams","State Legislature",33,"","Steve Halloran",4306
"Hall","State Legislature",33,"","Les Seiler",344
"Hall","State Legislature",33,"","Steve Halloran",613
"Hall","State Legislature",35,"","Dan Quick",2339
"Hall","State Legislature",35,"","Gregg Neuhaus",2128
"Hall","State Legislature",35,"","Zachary Z. Zoul",987
"Buffalo","State Legislature",37,"","Bob Lammers",2671
"Buffalo","State Legislature",37,"","John S. Lowe Sr.",3042
"Buffalo","State Legislature",37,"","Mike McShea",550
"Douglas","State Legislature",39,"","Bill Armbrust",1971
"Douglas","State Legislature",39,"","Lou Ann Linehan",2336
"Douglas","State Legislature",39,"","Pat Borchers",1862
"Antelope","State Legislature",41,"","Tom Briese",1106
"Boone","State Legislature",41,"","Tom Briese",1446
"Garfield","State Legislature",41,"","Tom Briese",311
"Greeley","State Legislature",41,"","Tom Briese",380
"Howard","State Legislature",41,"","Tom Briese",882
"Pierce","State Legislature",41,"","Tom Briese",946
"Sherman","State Legislature",41,"","Tom Briese",457
"Valley","State Legislature",41,"","Tom Briese",796
"Wheeler","State Legislature",41,"","Tom Briese",123
"Blaine","State Legislature",43,"","Al Davis",92
"Blaine","State Legislature",43,"","Tom Brewer",58
"Box Butte","State Legislature",43,"","Al Davis",1145
"Box Butte","State Legislature",43,"","Tom Brewer",737
"Brown","State Legislature",43,"","Al Davis",387
"Brown","State Legislature",43,"","Tom Brewer",417
"Cherry","State Legislature",43,"","Al Davis",674
"Cherry","State Legislature",43,"","Tom Brewer",1359
"Dawes","State Legislature",43,"","Al Davis",959
"Dawes","State Legislature",43,"","Tom Brewer",864
"Grant","State Legislature",43,"","Al Davis",149
"Grant","State Legislature",43,"","Tom Brewer",112
"Hooker","State Legislature",43,"","Al Davis",105
"Hooker","State Legislature",43,"","Tom Brewer",89
"Keya Paha","State Legislature",43,"","Al Davis",132
"Keya Paha","State Legislature",43,"","Tom Brewer",168
"Logan","State Legislature",43,"","Al Davis",148
"Logan","State Legislature",43,"","Tom Brewer",165
"Loup","State Legislature",43,"","Al Davis",96
"Loup","State Legislature",43,"","Tom Brewer",62
"McPherson","State Legislature",43,"","Al Davis",100
"McPherson","State Legislature",43,"","Tom Brewer",106
"Sheridan","State Legislature",43,"","Al Davis",288
"Sheridan","State Legislature",43,"","Tom Brewer",958
"Thomas","State Legislature",43,"","Al Davis",138
"Thomas","State Legislature",43,"","Tom Brewer",126
"Sarpy","State Legislature",45,"","Michael J. Cook",2560
"Sarpy","State Legislature",45,"","Sue Crawford",2539
"Arthur","State Legislature",47,"","Karl Elmshaeuser",59
"Arthur","State Legislature",47,"","Peggy Popps",13
"Arthur","State Legislature",47,"","Steve Erdman",56
"Arthur","State Legislature",47,"","Wendall F. Gaston",4
"Banner","State Legislature",47,"","Karl Elmshaeuser",27
"Banner","State Legislature",47,"","Peggy Popps",36
"Banner","State Legislature",47,"","Steve Erdman",103
"Banner","State Legislature",47,"","Wendall F. Gaston",24
"Box Butte","State Legislature",47,"","Karl Elmshaeuser",67
"Box Butte","State Legislature",47,"","Peggy Popps",83
"Box Butte","State Legislature",47,"","Steve Erdman",293
"Box Butte","State Legislature",47,"","Wendall F. Gaston",61
"Cheyenne","State Legislature",47,"","Karl Elmshaeuser",176
"Cheyenne","State Legislature",47,"","Peggy Popps",708
"Cheyenne","State Legislature",47,"","Steve Erdman",480
"Cheyenne","State Legislature",47,"","Wendall F. Gaston",786
"Deuel","State Legislature",47,"","Karl Elmshaeuser",107
"Deuel","State Legislature",47,"","Peggy Popps",103
"Deuel","State Legislature",47,"","Steve Erdman",154
"Deuel","State Legislature",47,"","Wendall F. Gaston",46
"Garden","State Legislature",47,"","Karl Elmshaeuser",108
"Garden","State Legislature",47,"","Peggy Popps",97
"Garden","State Legislature",47,"","Steve Erdman",290
"Garden","State Legislature",47,"","Wendall F. Gaston",60
"Keith","State Legislature",47,"","Karl Elmshaeuser",1160
"Keith","State Legislature",47,"","Peggy Popps",347
"Keith","State Legislature",47,"","Steve Erdman",495
"Keith","State Legislature",47,"","Wendall F. Gaston",136
"Kimball","State Legislature",47,"","Karl Elmshaeuser",72
"Kimball","State Legislature",47,"","Peggy Popps",144
"Kimball","State Legislature",47,"","Steve Erdman",313
"Kimball","State Legislature",47,"","Wendall F. Gaston",177
"Morrill","State Legislature",47,"","Karl Elmshaeuser",234
"Morrill","State Legislature",47,"","Peggy Popps",235
"Morrill","State Legislature",47,"","Steve Erdman",586
"Morrill","State Legislature",47,"","Wendall F. Gaston",107
"Sioux","State Legislature",47,"","Karl Elmshaeuser",53
"Sioux","State Legislature",47,"","Peggy Popps",52
"Sioux","State Legislature",47,"","Steve Erdman",199
"Sioux","State Legislature",47,"","Wendall F. Gaston",31
"Sarpy","State Legislature",49,"","John Murante",3426
