"","county","office","district","party","candidate","votes"
"1","Burt","President",1,"REP","Donald J. Trump",2367
"2","Burt","President",1,"DEM","Hillary Clinton",930
"3","Burt","President",1,"LIB","Gary Johnson",197
"4","Burt","President",1,"PET","Jill Stein",39
"5","Burt","President",1,"Write In","Write-ins",25
"6","Butler","President",1,"REP","Donald J. Trump",3079
"7","Butler","President",1,"DEM","Hillary Clinton",691
"8","Butler","President",1,"LIB","Gary Johnson",129
"9","Butler","President",1,"PET","Jill Stein",27
"10","Butler","President",1,"Write In","Write-ins",55
"11","Cass","President",1,"REP","Donald J. Trump",8452
"12","Cass","President",1,"DEM","Hillary Clinton",3484
"13","Cass","President",1,"LIB","Gary Johnson",639
"14","Cass","President",1,"PET","Jill Stein",132
"15","Cass","President",1,"Write In","Write-ins",226
"16","Colfax","President",1,"REP","Donald J. Trump",2171
"17","Colfax","President",1,"DEM","Hillary Clinton",859
"18","Colfax","President",1,"LIB","Gary Johnson",118
"19","Colfax","President",1,"PET","Jill Stein",26
"20","Colfax","President",1,"Write In","Write-ins",40
"21","Cuming","President",1,"REP","Donald J. Trump",3122
"22","Cuming","President",1,"DEM","Hillary Clinton",719
"23","Cuming","President",1,"LIB","Gary Johnson",157
"24","Cuming","President",1,"PET","Jill Stein",26
"25","Cuming","President",1,"Write In","Write-ins",50
"26","Dixon","President",1,"REP","Donald J. Trump",130
"27","Dixon","President",1,"DEM","Hillary Clinton",54
"28","Dixon","President",1,"LIB","Gary Johnson",15
"29","Dixon","President",1,"PET","Jill Stein",1
"30","Dixon","President",1,"Write In","Write-ins",0
"31","Dodge","President",1,"REP","Donald J. Trump",9933
"32","Dodge","President",1,"DEM","Hillary Clinton",4544
"33","Dodge","President",1,"LIB","Gary Johnson",624
"34","Dodge","President",1,"PET","Jill Stein",162
"35","Dodge","President",1,"Write In","Write-ins",266
"36","Lancaster","President",1,"REP","Donald J. Trump",61588
"37","Lancaster","President",1,"DEM","Hillary Clinton",61898
"38","Lancaster","President",1,"LIB","Gary Johnson",7109
"39","Lancaster","President",1,"PET","Jill Stein",1974
"40","Lancaster","President",1,"Write In","Write-ins",3654
"41","Madison","President",1,"REP","Donald J. Trump",10628
"42","Madison","President",1,"DEM","Hillary Clinton",2711
"43","Madison","President",1,"LIB","Gary Johnson",669
"44","Madison","President",1,"PET","Jill Stein",126
"45","Madison","President",1,"Write In","Write-ins",209
"46","Otoe","President",1,"REP","Donald J. Trump",4860
"47","Otoe","President",1,"DEM","Hillary Clinton",2025
"48","Otoe","President",1,"LIB","Gary Johnson",375
"49","Otoe","President",1,"PET","Jill Stein",58
"50","Otoe","President",1,"Write In","Write-ins",139
"51","Platte","President",1,"REP","Donald J. Trump",10965
"52","Platte","President",1,"DEM","Hillary Clinton",2646
"53","Platte","President",1,"LIB","Gary Johnson",495
"54","Platte","President",1,"PET","Jill Stein",86
"55","Platte","President",1,"Write In","Write-ins",241
"56","Polk","President",1,"REP","Donald J. Trump",2028
"57","Polk","President",1,"DEM","Hillary Clinton",413
"58","Polk","President",1,"LIB","Gary Johnson",102
"59","Polk","President",1,"PET","Jill Stein",6
"60","Polk","President",1,"Write In","Write-ins",33
"61","Sarpy","President",1,"REP","Donald J. Trump",15656
"62","Sarpy","President",1,"DEM","Hillary Clinton",10801
"63","Sarpy","President",1,"LIB","Gary Johnson",1839
"64","Sarpy","President",1,"PET","Jill Stein",371
"65","Sarpy","President",1,"Write In","Write-ins",666
"66","Saunders","President",1,"REP","Donald J. Trump",7555
"67","Saunders","President",1,"DEM","Hillary Clinton",2523
"68","Saunders","President",1,"LIB","Gary Johnson",515
"69","Saunders","President",1,"PET","Jill Stein",97
"70","Saunders","President",1,"Write In","Write-ins",170
"71","Seward","President",1,"REP","Donald J. Trump",5454
"72","Seward","President",1,"DEM","Hillary Clinton",1875
"73","Seward","President",1,"LIB","Gary Johnson",337
"74","Seward","President",1,"PET","Jill Stein",84
"75","Seward","President",1,"Write In","Write-ins",172
"76","Stanton","President",1,"REP","Donald J. Trump",2187
"77","Stanton","President",1,"DEM","Hillary Clinton",417
"78","Stanton","President",1,"LIB","Gary Johnson",144
"79","Stanton","President",1,"PET","Jill Stein",14
"80","Stanton","President",1,"Write In","Write-ins",39
"81","Thurston","President",1,"REP","Donald J. Trump",1043
"82","Thurston","President",1,"DEM","Hillary Clinton",919
"83","Thurston","President",1,"LIB","Gary Johnson",56
"84","Thurston","President",1,"PET","Jill Stein",49
"85","Thurston","President",1,"Write In","Write-ins",21
"86","Washington","President",1,"REP","Donald J. Trump",7424
"87","Washington","President",1,"DEM","Hillary Clinton",2623
"88","Washington","President",1,"LIB","Gary Johnson",513
"89","Washington","President",1,"PET","Jill Stein",97
"90","Washington","President",1,"Write In","Write-ins",175
"91","Douglas","President",2,"REP","Donald J. Trump",108077
"92","Douglas","President",2,"DEM","Hillary Clinton",113798
"93","Douglas","President",2,"LIB","Gary Johnson",10402
"94","Douglas","President",2,"PET","Jill Stein",2882
"95","Douglas","President",2,"Write In","Write-ins",5274
"96","Sarpy","President",2,"REP","Donald J. Trump",29487
"97","Sarpy","President",2,"DEM","Hillary Clinton",17232
"98","Sarpy","President",2,"LIB","Gary Johnson",2843
"99","Sarpy","President",2,"PET","Jill Stein",465
"100","Sarpy","President",2,"Write In","Write-ins",1220
"101","Adams","President",3,"REP","Donald J. Trump",9287
"102","Adams","President",3,"DEM","Hillary Clinton",3302
"103","Adams","President",3,"LIB","Gary Johnson",594
"104","Adams","President",3,"PET","Jill Stein",111
"105","Adams","President",3,"Write In","Write-ins",219
"106","Antelope","President",3,"REP","Donald J. Trump",2732
"107","Antelope","President",3,"DEM","Hillary Clinton",383
"108","Antelope","President",3,"LIB","Gary Johnson",105
"109","Antelope","President",3,"PET","Jill Stein",19
"110","Antelope","President",3,"Write In","Write-ins",42
"111","Arthur","President",3,"REP","Donald J. Trump",244
"112","Arthur","President",3,"DEM","Hillary Clinton",17
"113","Arthur","President",3,"LIB","Gary Johnson",11
"114","Arthur","President",3,"PET","Jill Stein",0
"115","Arthur","President",3,"Write In","Write-ins",1
"116","Banner","President",3,"REP","Donald J. Trump",357
"117","Banner","President",3,"DEM","Hillary Clinton",19
"118","Banner","President",3,"LIB","Gary Johnson",14
"119","Banner","President",3,"PET","Jill Stein",3
"120","Banner","President",3,"Write In","Write-ins",9
"121","Blaine","President",3,"REP","Donald J. Trump",276
"122","Blaine","President",3,"DEM","Hillary Clinton",30
"123","Blaine","President",3,"LIB","Gary Johnson",10
"124","Blaine","President",3,"PET","Jill Stein",0
"125","Blaine","President",3,"Write In","Write-ins",1
"126","Boone","President",3,"REP","Donald J. Trump",2299
"127","Boone","President",3,"DEM","Hillary Clinton",414
"128","Boone","President",3,"LIB","Gary Johnson",137
"129","Boone","President",3,"PET","Jill Stein",17
"130","Boone","President",3,"Write In","Write-ins",38
"131","Box Butte","President",3,"REP","Donald J. Trump",3617
"132","Box Butte","President",3,"DEM","Hillary Clinton",965
"133","Box Butte","President",3,"LIB","Gary Johnson",230
"134","Box Butte","President",3,"PET","Jill Stein",36
"135","Box Butte","President",3,"Write In","Write-ins",76
"136","Boyd","President",3,"REP","Donald J. Trump",983
"137","Boyd","President",3,"DEM","Hillary Clinton",128
"138","Boyd","President",3,"LIB","Gary Johnson",23
"139","Boyd","President",3,"PET","Jill Stein",13
"140","Boyd","President",3,"Write In","Write-ins",9
"141","Brown","President",3,"REP","Donald J. Trump",1385
"142","Brown","President",3,"DEM","Hillary Clinton",153
"143","Brown","President",3,"LIB","Gary Johnson",39
"144","Brown","President",3,"PET","Jill Stein",7
"145","Brown","President",3,"Write In","Write-ins",13
"146","Buffalo","President",3,"REP","Donald J. Trump",14569
"147","Buffalo","President",3,"DEM","Hillary Clinton",4763
"148","Buffalo","President",3,"LIB","Gary Johnson",1174
"149","Buffalo","President",3,"PET","Jill Stein",227
"150","Buffalo","President",3,"Write In","Write-ins",396
"151","Cedar","President",3,"REP","Donald J. Trump",3532
"152","Cedar","President",3,"DEM","Hillary Clinton",571
"153","Cedar","President",3,"LIB","Gary Johnson",224
"154","Cedar","President",3,"PET","Jill Stein",31
"155","Cedar","President",3,"Write In","Write-ins",62
"156","Chase","President",3,"REP","Donald J. Trump",1648
"157","Chase","President",3,"DEM","Hillary Clinton",171
"158","Chase","President",3,"LIB","Gary Johnson",54
"159","Chase","President",3,"PET","Jill Stein",6
"160","Chase","President",3,"Write In","Write-ins",19
"161","Cherry","President",3,"REP","Donald J. Trump",2623
"162","Cherry","President",3,"DEM","Hillary Clinton",317
"163","Cherry","President",3,"LIB","Gary Johnson",127
"164","Cherry","President",3,"PET","Jill Stein",15
"165","Cherry","President",3,"Write In","Write-ins",36
"166","Cheyenne","President",3,"REP","Donald J. Trump",3665
"167","Cheyenne","President",3,"DEM","Hillary Clinton",711
"168","Cheyenne","President",3,"LIB","Gary Johnson",213
"169","Cheyenne","President",3,"PET","Jill Stein",46
"170","Cheyenne","President",3,"Write In","Write-ins",76
"171","Clay","President",3,"REP","Donald J. Trump",2422
"172","Clay","President",3,"DEM","Hillary Clinton",477
"173","Clay","President",3,"LIB","Gary Johnson",116
"174","Clay","President",3,"PET","Jill Stein",15
"175","Clay","President",3,"Write In","Write-ins",35
"176","Custer","President",3,"REP","Donald J. Trump",4695
"177","Custer","President",3,"DEM","Hillary Clinton",641
"178","Custer","President",3,"LIB","Gary Johnson",206
"179","Custer","President",3,"PET","Jill Stein",37
"180","Custer","President",3,"Write In","Write-ins",73
"181","Dakota","President",3,"REP","Donald J. Trump",3616
"182","Dakota","President",3,"DEM","Hillary Clinton",2314
"183","Dakota","President",3,"LIB","Gary Johnson",229
"184","Dakota","President",3,"PET","Jill Stein",50
"185","Dakota","President",3,"Write In","Write-ins",70
"186","Dawes","President",3,"REP","Donald J. Trump",2632
"187","Dawes","President",3,"DEM","Hillary Clinton",801
"188","Dawes","President",3,"LIB","Gary Johnson",191
"189","Dawes","President",3,"PET","Jill Stein",52
"190","Dawes","President",3,"Write In","Write-ins",75
"191","Dawson","President",3,"REP","Donald J. Trump",5984
"192","Dawson","President",3,"DEM","Hillary Clinton",2136
"193","Dawson","President",3,"LIB","Gary Johnson",381
"194","Dawson","President",3,"PET","Jill Stein",58
"195","Dawson","President",3,"Write In","Write-ins",76
"196","Deuel","President",3,"REP","Donald J. Trump",809
"197","Deuel","President",3,"DEM","Hillary Clinton",120
"198","Deuel","President",3,"LIB","Gary Johnson",47
"199","Deuel","President",3,"PET","Jill Stein",1
"200","Deuel","President",3,"Write In","Write-ins",7
"201","Dixon","President",3,"REP","Donald J. Trump",1911
"202","Dixon","President",3,"DEM","Hillary Clinton",502
"203","Dixon","President",3,"LIB","Gary Johnson",115
"204","Dixon","President",3,"PET","Jill Stein",17
"205","Dixon","President",3,"Write In","Write-ins",38
"206","Dundy","President",3,"REP","Donald J. Trump",823
"207","Dundy","President",3,"DEM","Hillary Clinton",89
"208","Dundy","President",3,"LIB","Gary Johnson",31
"209","Dundy","President",3,"PET","Jill Stein",6
"210","Dundy","President",3,"Write In","Write-ins",4
"211","Fillmore","President",3,"REP","Donald J. Trump",2130
"212","Fillmore","President",3,"DEM","Hillary Clinton",613
"213","Fillmore","President",3,"LIB","Gary Johnson",151
"214","Fillmore","President",3,"PET","Jill Stein",21
"215","Fillmore","President",3,"Write In","Write-ins",26
"216","Franklin","President",3,"REP","Donald J. Trump",1347
"217","Franklin","President",3,"DEM","Hillary Clinton",250
"218","Franklin","President",3,"LIB","Gary Johnson",54
"219","Franklin","President",3,"PET","Jill Stein",7
"220","Franklin","President",3,"Write In","Write-ins",15
"221","Frontier","President",3,"REP","Donald J. Trump",1110
"222","Frontier","President",3,"DEM","Hillary Clinton",161
"223","Frontier","President",3,"LIB","Gary Johnson",36
"224","Frontier","President",3,"PET","Jill Stein",8
"225","Frontier","President",3,"Write In","Write-ins",13
"226","Furnas","President",3,"REP","Donald J. Trump",1921
"227","Furnas","President",3,"DEM","Hillary Clinton",304
"228","Furnas","President",3,"LIB","Gary Johnson",85
"229","Furnas","President",3,"PET","Jill Stein",11
"230","Furnas","President",3,"Write In","Write-ins",19
"231","Gage","President",3,"REP","Donald J. Trump",6380
"232","Gage","President",3,"DEM","Hillary Clinton",2935
"233","Gage","President",3,"LIB","Gary Johnson",492
"234","Gage","President",3,"PET","Jill Stein",104
"235","Gage","President",3,"Write In","Write-ins",137
"236","Garden","President",3,"REP","Donald J. Trump",869
"237","Garden","President",3,"DEM","Hillary Clinton",153
"238","Garden","President",3,"LIB","Gary Johnson",39
"239","Garden","President",3,"PET","Jill Stein",2
"240","Garden","President",3,"Write In","Write-ins",12
"241","Garfield","President",3,"REP","Donald J. Trump",821
"242","Garfield","President",3,"DEM","Hillary Clinton",121
"243","Garfield","President",3,"LIB","Gary Johnson",23
"244","Garfield","President",3,"PET","Jill Stein",5
"245","Garfield","President",3,"Write In","Write-ins",10
"246","Gosper","President",3,"REP","Donald J. Trump",794
"247","Gosper","President",3,"DEM","Hillary Clinton",166
"248","Gosper","President",3,"LIB","Gary Johnson",38
"249","Gosper","President",3,"PET","Jill Stein",6
"250","Gosper","President",3,"Write In","Write-ins",6
"251","Grant","President",3,"REP","Donald J. Trump",367
"252","Grant","President",3,"DEM","Hillary Clinton",20
"253","Grant","President",3,"LIB","Gary Johnson",6
"254","Grant","President",3,"PET","Jill Stein",1
"255","Grant","President",3,"Write In","Write-ins",11
"256","Greeley","President",3,"REP","Donald J. Trump",912
"257","Greeley","President",3,"DEM","Hillary Clinton",210
"258","Greeley","President",3,"LIB","Gary Johnson",38
"259","Greeley","President",3,"PET","Jill Stein",6
"260","Greeley","President",3,"Write In","Write-ins",9
"261","Hall","President",3,"REP","Donald J. Trump",14408
"262","Hall","President",3,"DEM","Hillary Clinton",6282
"263","Hall","President",3,"LIB","Gary Johnson",895
"264","Hall","President",3,"PET","Jill Stein",192
"265","Hall","President",3,"Write In","Write-ins",283
"266","Hamilton","President",3,"REP","Donald J. Trump",3783
"267","Hamilton","President",3,"DEM","Hillary Clinton",878
"268","Hamilton","President",3,"LIB","Gary Johnson",224
"269","Hamilton","President",3,"PET","Jill Stein",43
"270","Hamilton","President",3,"Write In","Write-ins",76
"271","Harlan","President",3,"REP","Donald J. Trump",1496
"272","Harlan","President",3,"DEM","Hillary Clinton",254
"273","Harlan","President",3,"LIB","Gary Johnson",62
"274","Harlan","President",3,"PET","Jill Stein",7
"275","Harlan","President",3,"Write In","Write-ins",13
"276","Hayes","President",3,"REP","Donald J. Trump",472
"277","Hayes","President",3,"DEM","Hillary Clinton",30
"278","Hayes","President",3,"LIB","Gary Johnson",8
"279","Hayes","President",3,"PET","Jill Stein",1
"280","Hayes","President",3,"Write In","Write-ins",3
"281","Hitchcock","President",3,"REP","Donald J. Trump",1232
"282","Hitchcock","President",3,"DEM","Hillary Clinton",161
"283","Hitchcock","President",3,"LIB","Gary Johnson",61
"284","Hitchcock","President",3,"PET","Jill Stein",7
"285","Hitchcock","President",3,"Write In","Write-ins",7
"286","Holt","President",3,"REP","Donald J. Trump",4354
"287","Holt","President",3,"DEM","Hillary Clinton",531
"288","Holt","President",3,"LIB","Gary Johnson",162
"289","Holt","President",3,"PET","Jill Stein",27
"290","Holt","President",3,"Write In","Write-ins",44
"291","Hooker","President",3,"REP","Donald J. Trump",355
"292","Hooker","President",3,"DEM","Hillary Clinton",40
"293","Hooker","President",3,"LIB","Gary Johnson",16
"294","Hooker","President",3,"PET","Jill Stein",3
"295","Hooker","President",3,"Write In","Write-ins",3
"296","Howard","President",3,"REP","Donald J. Trump",2284
"297","Howard","President",3,"DEM","Hillary Clinton",544
"298","Howard","President",3,"LIB","Gary Johnson",108
"299","Howard","President",3,"PET","Jill Stein",22
"300","Howard","President",3,"Write In","Write-ins",36
"301","Jefferson","President",3,"REP","Donald J. Trump",2399
"302","Jefferson","President",3,"DEM","Hillary Clinton",837
"303","Jefferson","President",3,"LIB","Gary Johnson",182
"304","Jefferson","President",3,"PET","Jill Stein",30
"305","Jefferson","President",3,"Write In","Write-ins",46
"306","Johnson","President",3,"REP","Donald J. Trump",1355
"307","Johnson","President",3,"DEM","Hillary Clinton",563
"308","Johnson","President",3,"LIB","Gary Johnson",122
"309","Johnson","President",3,"PET","Jill Stein",22
"310","Johnson","President",3,"Write In","Write-ins",27
"311","Kearney","President",3,"REP","Donald J. Trump",2531
"312","Kearney","President",3,"DEM","Hillary Clinton",550
"313","Kearney","President",3,"LIB","Gary Johnson",148
"314","Kearney","President",3,"PET","Jill Stein",26
"315","Kearney","President",3,"Write In","Write-ins",41
"316","Keith","President",3,"REP","Donald J. Trump",3235
"317","Keith","President",3,"DEM","Hillary Clinton",571
"318","Keith","President",3,"LIB","Gary Johnson",164
"319","Keith","President",3,"PET","Jill Stein",25
"320","Keith","President",3,"Write In","Write-ins",39
"321","Keya Paha","President",3,"REP","Donald J. Trump",460
"322","Keya Paha","President",3,"DEM","Hillary Clinton",40
"323","Keya Paha","President",3,"LIB","Gary Johnson",17
"324","Keya Paha","President",3,"PET","Jill Stein",0
"325","Keya Paha","President",3,"Write In","Write-ins",2
"326","Kimball","President",3,"REP","Donald J. Trump",1330
"327","Kimball","President",3,"DEM","Hillary Clinton",230
"328","Kimball","President",3,"LIB","Gary Johnson",78
"329","Kimball","President",3,"PET","Jill Stein",18
"330","Kimball","President",3,"Write In","Write-ins",21
"331","Knox","President",3,"REP","Donald J. Trump",3188
"332","Knox","President",3,"DEM","Hillary Clinton",720
"333","Knox","President",3,"LIB","Gary Johnson",137
"334","Knox","President",3,"PET","Jill Stein",29
"335","Knox","President",3,"Write In","Write-ins",41
"336","Lincoln","President",3,"REP","Donald J. Trump",12164
"337","Lincoln","President",3,"DEM","Hillary Clinton",2913
"338","Lincoln","President",3,"LIB","Gary Johnson",711
"339","Lincoln","President",3,"PET","Jill Stein",107
"340","Lincoln","President",3,"Write In","Write-ins",236
"341","Logan","President",3,"REP","Donald J. Trump",400
"342","Logan","President",3,"DEM","Hillary Clinton",32
"343","Logan","President",3,"LIB","Gary Johnson",18
"344","Logan","President",3,"PET","Jill Stein",1
"345","Logan","President",3,"Write In","Write-ins",2
"346","Loup","President",3,"REP","Donald J. Trump",323
"347","Loup","President",3,"DEM","Hillary Clinton",48
"348","Loup","President",3,"LIB","Gary Johnson",10
"349","Loup","President",3,"PET","Jill Stein",1
"350","Loup","President",3,"Write In","Write-ins",3
"351","McPherson","President",3,"REP","Donald J. Trump",257
"352","McPherson","President",3,"DEM","Hillary Clinton",14
"353","McPherson","President",3,"LIB","Gary Johnson",14
"354","McPherson","President",3,"PET","Jill Stein",1
"355","McPherson","President",3,"Write In","Write-ins",1
"356","Merrick","President",3,"REP","Donald J. Trump",2926
"357","Merrick","President",3,"DEM","Hillary Clinton",602
"358","Merrick","President",3,"LIB","Gary Johnson",165
"359","Merrick","President",3,"PET","Jill Stein",29
"360","Merrick","President",3,"Write In","Write-ins",66
"361","Morrill","President",3,"REP","Donald J. Trump",1802
"362","Morrill","President",3,"DEM","Hillary Clinton",284
"363","Morrill","President",3,"LIB","Gary Johnson",84
"364","Morrill","President",3,"PET","Jill Stein",14
"365","Morrill","President",3,"Write In","Write-ins",25
"366","Nance","President",3,"REP","Donald J. Trump",1261
"367","Nance","President",3,"DEM","Hillary Clinton",281
"368","Nance","President",3,"LIB","Gary Johnson",48
"369","Nance","President",3,"PET","Jill Stein",14
"370","Nance","President",3,"Write In","Write-ins",17
"371","Nemaha","President",3,"REP","Donald J. Trump",2116
"372","Nemaha","President",3,"DEM","Hillary Clinton",785
"373","Nemaha","President",3,"LIB","Gary Johnson",180
"374","Nemaha","President",3,"PET","Jill Stein",27
"375","Nemaha","President",3,"Write In","Write-ins",53
"376","Nuckolls","President",3,"REP","Donald J. Trump",1726
"377","Nuckolls","President",3,"DEM","Hillary Clinton",353
"378","Nuckolls","President",3,"LIB","Gary Johnson",88
"379","Nuckolls","President",3,"PET","Jill Stein",20
"380","Nuckolls","President",3,"Write In","Write-ins",18
"381","Pawnee","President",3,"REP","Donald J. Trump",974
"382","Pawnee","President",3,"DEM","Hillary Clinton",279
"383","Pawnee","President",3,"LIB","Gary Johnson",55
"384","Pawnee","President",3,"PET","Jill Stein",10
"385","Pawnee","President",3,"Write In","Write-ins",9
"386","Perkins","President",3,"REP","Donald J. Trump",1217
"387","Perkins","President",3,"DEM","Hillary Clinton",161
"388","Perkins","President",3,"LIB","Gary Johnson",54
"389","Perkins","President",3,"PET","Jill Stein",5
"390","Perkins","President",3,"Write In","Write-ins",18
"391","Phelps","President",3,"REP","Donald J. Trump",3849
"392","Phelps","President",3,"DEM","Hillary Clinton",572
"393","Phelps","President",3,"LIB","Gary Johnson",190
"394","Phelps","President",3,"PET","Jill Stein",18
"395","Phelps","President",3,"Write In","Write-ins",66
"396","Pierce","President",3,"REP","Donald J. Trump",3052
"397","Pierce","President",3,"DEM","Hillary Clinton",382
"398","Pierce","President",3,"LIB","Gary Johnson",125
"399","Pierce","President",3,"PET","Jill Stein",21
"400","Pierce","President",3,"Write In","Write-ins",50
"401","Red Willow","President",3,"REP","Donald J. Trump",4258
"402","Red Willow","President",3,"DEM","Hillary Clinton",645
"403","Red Willow","President",3,"LIB","Gary Johnson",191
"404","Red Willow","President",3,"PET","Jill Stein",26
"405","Red Willow","President",3,"Write In","Write-ins",50
"406","Richardson","President",3,"REP","Donald J. Trump",2769
"407","Richardson","President",3,"DEM","Hillary Clinton",818
"408","Richardson","President",3,"LIB","Gary Johnson",159
"409","Richardson","President",3,"PET","Jill Stein",27
"410","Richardson","President",3,"Write In","Write-ins",32
"411","Rock","President",3,"REP","Donald J. Trump",687
"412","Rock","President",3,"DEM","Hillary Clinton",70
"413","Rock","President",3,"LIB","Gary Johnson",33
"414","Rock","President",3,"PET","Jill Stein",4
"415","Rock","President",3,"Write In","Write-ins",4
"416","Saline","President",3,"REP","Donald J. Trump",3004
"417","Saline","President",3,"DEM","Hillary Clinton",1733
"418","Saline","President",3,"LIB","Gary Johnson",284
"419","Saline","President",3,"PET","Jill Stein",52
"420","Saline","President",3,"Write In","Write-ins",63
"421","Scotts Bluff","President",3,"REP","Donald J. Trump",10076
"422","Scotts Bluff","President",3,"DEM","Hillary Clinton",3207
"423","Scotts Bluff","President",3,"LIB","Gary Johnson",683
"424","Scotts Bluff","President",3,"PET","Jill Stein",126
"425","Scotts Bluff","President",3,"Write In","Write-ins",225
"426","Sheridan","President",3,"REP","Donald J. Trump",2211
"427","Sheridan","President",3,"DEM","Hillary Clinton",287
"428","Sheridan","President",3,"LIB","Gary Johnson",70
"429","Sheridan","President",3,"PET","Jill Stein",18
"430","Sheridan","President",3,"Write In","Write-ins",22
"431","Sherman","President",3,"REP","Donald J. Trump",1150
"432","Sherman","President",3,"DEM","Hillary Clinton",340
"433","Sherman","President",3,"LIB","Gary Johnson",59
"434","Sherman","President",3,"PET","Jill Stein",13
"435","Sherman","President",3,"Write In","Write-ins",11
"436","Sioux","President",3,"REP","Donald J. Trump",616
"437","Sioux","President",3,"DEM","Hillary Clinton",81
"438","Sioux","President",3,"LIB","Gary Johnson",28
"439","Sioux","President",3,"PET","Jill Stein",4
"440","Sioux","President",3,"Write In","Write-ins",7
"441","Thayer","President",3,"REP","Donald J. Trump",2051
"442","Thayer","President",3,"DEM","Hillary Clinton",499
"443","Thayer","President",3,"LIB","Gary Johnson",124
"444","Thayer","President",3,"PET","Jill Stein",10
"445","Thayer","President",3,"Write In","Write-ins",6
"446","Thomas","President",3,"REP","Donald J. Trump",344
"447","Thomas","President",3,"DEM","Hillary Clinton",30
"448","Thomas","President",3,"LIB","Gary Johnson",10
"449","Thomas","President",3,"PET","Jill Stein",3
"450","Thomas","President",3,"Write In","Write-ins",6
"451","Valley","President",3,"REP","Donald J. Trump",1780
"452","Valley","President",3,"DEM","Hillary Clinton",339
"453","Valley","President",3,"LIB","Gary Johnson",53
"454","Valley","President",3,"PET","Jill Stein",12
"455","Valley","President",3,"Write In","Write-ins",21
"456","Wayne","President",3,"REP","Donald J. Trump",2693
"457","Wayne","President",3,"DEM","Hillary Clinton",835
"458","Wayne","President",3,"LIB","Gary Johnson",202
"459","Wayne","President",3,"PET","Jill Stein",35
"460","Wayne","President",3,"Write In","Write-ins",11
"461","Webster","President",3,"REP","Donald J. Trump",1330
"462","Webster","President",3,"DEM","Hillary Clinton",306
"463","Webster","President",3,"LIB","Gary Johnson",51
"464","Webster","President",3,"PET","Jill Stein",10
"465","Webster","President",3,"Write In","Write-ins",11
"466","Wheeler","President",3,"REP","Donald J. Trump",377
"467","Wheeler","President",3,"DEM","Hillary Clinton",62
"468","Wheeler","President",3,"LIB","Gary Johnson",17
"469","Wheeler","President",3,"PET","Jill Stein",4
"470","Wheeler","President",3,"Write In","Write-ins",5
"471","York","President",3,"REP","Donald J. Trump",4700
"472","York","President",3,"DEM","Hillary Clinton",1186
"473","York","President",3,"LIB","Gary Johnson",345
"474","York","President",3,"PET","Jill Stein",52
"475","York","President",3,"Write In","Write-ins",98
"476","Burt","U.S. House",1,"REP","Jeff Fortenberry",2648
"477","Burt","U.S. House",1,"DEM","Daniel M. Wik",751
"478","Butler","U.S. House",1,"REP","Jeff Fortenberry",3231
"479","Butler","U.S. House",1,"DEM","Daniel M. Wik",573
"480","Cass","U.S. House",1,"REP","Jeff Fortenberry",9323
"481","Cass","U.S. House",1,"DEM","Daniel M. Wik",2993
"482","Colfax","U.S. House",1,"REP","Jeff Fortenberry",2416
"483","Colfax","U.S. House",1,"DEM","Daniel M. Wik",737
"484","Cuming","U.S. House",1,"REP","Jeff Fortenberry",3447
"485","Cuming","U.S. House",1,"DEM","Daniel M. Wik",527
"486","Dixon","U.S. House",1,"REP","Jeff Fortenberry",64
"487","Dixon","U.S. House",1,"DEM","Daniel M. Wik",26
"488","Dodge","U.S. House",1,"REP","Jeff Fortenberry",11481
"489","Dodge","U.S. House",1,"DEM","Daniel M. Wik",3488
"490","Lancaster","U.S. House",1,"REP","Jeff Fortenberry",81497
"491","Lancaster","U.S. House",1,"DEM","Daniel M. Wik",50659
"492","Madison","U.S. House",1,"REP","Jeff Fortenberry",11336
"493","Madison","U.S. House",1,"DEM","Daniel M. Wik",2728
"494","Otoe","U.S. House",1,"REP","Jeff Fortenberry",5649
"495","Otoe","U.S. House",1,"DEM","Daniel M. Wik",1613
"496","Platte","U.S. House",1,"REP","Jeff Fortenberry",11389
"497","Platte","U.S. House",1,"DEM","Daniel M. Wik",2468
"498","Polk","U.S. House",1,"REP","Jeff Fortenberry",2138
"499","Polk","U.S. House",1,"DEM","Daniel M. Wik",349
"500","Sarpy","U.S. House",1,"REP","Jeff Fortenberry",18745
"501","Sarpy","U.S. House",1,"DEM","Daniel M. Wik",9544
"502","Saunders","U.S. House",1,"REP","Jeff Fortenberry",8287
"503","Saunders","U.S. House",1,"DEM","Daniel M. Wik",2203
"504","Seward","U.S. House",1,"REP","Jeff Fortenberry",6253
"505","Seward","U.S. House",1,"DEM","Daniel M. Wik",1518
"506","Stanton","U.S. House",1,"REP","Jeff Fortenberry",2341
"507","Stanton","U.S. House",1,"DEM","Daniel M. Wik",426
"508","Thurston","U.S. House",1,"REP","Jeff Fortenberry",1262
"509","Thurston","U.S. House",1,"DEM","Daniel M. Wik",740
"510","Washington","U.S. House",1,"REP","Jeff Fortenberry",8264
"511","Washington","U.S. House",1,"DEM","Daniel M. Wik",2124
"512","Douglas","U.S. House",2,"REP","Don Bacon",110391
"513","Douglas","U.S. House",2,"DEM","Brad Ashford",119230
"514","Douglas","U.S. House",2,"LIB","Steven Laird",7944
"515","Sarpy","U.S. House",2,"REP","Don Bacon",30675
"516","Sarpy","U.S. House",2,"DEM","Brad Ashford",18372
"517","Sarpy","U.S. House",2,"LIB","Steven Laird",1696
"518","Adams","U.S. House",3,"REP","Adrian Smith",10938
"519","Antelope","U.S. House",3,"REP","Adrian Smith",2808
"520","Arthur","U.S. House",3,"REP","Adrian Smith",254
"521","Banner","U.S. House",3,"REP","Adrian Smith",344
"522","Blaine","U.S. House",3,"REP","Adrian Smith",276
"523","Boone","U.S. House",3,"REP","Adrian Smith",2437
"524","Box Butte","U.S. House",3,"REP","Adrian Smith",4202
"525","Boyd","U.S. House",3,"REP","Adrian Smith",948
"526","Brown","U.S. House",3,"REP","Adrian Smith",1381
"527","Buffalo","U.S. House",3,"REP","Adrian Smith",17654
"528","Cedar","U.S. House",3,"REP","Adrian Smith",3835
"529","Chase","U.S. House",3,"REP","Adrian Smith",1697
"530","Cherry","U.S. House",3,"REP","Adrian Smith",2527
"531","Cheyenne","U.S. House",3,"REP","Adrian Smith",4160
"532","Clay","U.S. House",3,"REP","Adrian Smith",2685
"533","Custer","U.S. House",3,"REP","Adrian Smith",4959
"534","Dakota","U.S. House",3,"REP","Adrian Smith",4723
"535","Dawes","U.S. House",3,"REP","Adrian Smith",3169
"536","Dawson","U.S. House",3,"REP","Adrian Smith",7335
"537","Deuel","U.S. House",3,"REP","Adrian Smith",876
"538","Dixon","U.S. House",3,"REP","Adrian Smith",2233
"539","Dundy","U.S. House",3,"REP","Adrian Smith",841
"540","Fillmore","U.S. House",3,"REP","Adrian Smith",2526
"541","Franklin","U.S. House",3,"REP","Adrian Smith",1451
"542","Frontier","U.S. House",3,"REP","Adrian Smith",1178
"543","Furnas","U.S. House",3,"REP","Adrian Smith",2119
"544","Gage","U.S. House",3,"REP","Adrian Smith",8032
"545","Garden","U.S. House",3,"REP","Adrian Smith",942
"546","Garfield","U.S. House",3,"REP","Adrian Smith",853
"547","Gosper","U.S. House",3,"REP","Adrian Smith",890
"548","Grant","U.S. House",3,"REP","Adrian Smith",362
"549","Greeley","U.S. House",3,"REP","Adrian Smith",955
"550","Hall","U.S. House",3,"REP","Adrian Smith",17328
"551","Hamilton","U.S. House",3,"REP","Adrian Smith",4203
"552","Harlan","U.S. House",3,"REP","Adrian Smith",1602
"553","Hayes","U.S. House",3,"REP","Adrian Smith",445
"554","Hitchcock","U.S. House",3,"REP","Adrian Smith",1306
"555","Holt","U.S. House",3,"REP","Adrian Smith",4402
"556","Hooker","U.S. House",3,"REP","Adrian Smith",368
"557","Howard","U.S. House",3,"REP","Adrian Smith",2483
"558","Jefferson","U.S. House",3,"REP","Adrian Smith",2973
"559","Johnson","U.S. House",3,"REP","Adrian Smith",1627
"560","Kearney","U.S. House",3,"REP","Adrian Smith",2916
"561","Keith","U.S. House",3,"REP","Adrian Smith",3504
"562","Keya Paha","U.S. House",3,"REP","Adrian Smith",433
"563","Kimball","U.S. House",3,"REP","Adrian Smith",1491
"564","Knox","U.S. House",3,"REP","Adrian Smith",3492
"565","Lincoln","U.S. House",3,"REP","Adrian Smith",13675
"566","Logan","U.S. House",3,"REP","Adrian Smith",401
"567","Loup","U.S. House",3,"REP","Adrian Smith",325
"568","McPherson","U.S. House",3,"REP","Adrian Smith",256
"569","Merrick","U.S. House",3,"REP","Adrian Smith",3179
"570","Morrill","U.S. House",3,"REP","Adrian Smith",1899
"571","Nance","U.S. House",3,"REP","Adrian Smith",1276
"572","Nemaha","U.S. House",3,"REP","Adrian Smith",2622
"573","Nuckolls","U.S. House",3,"REP","Adrian Smith",1909
"574","Pawnee","U.S. House",3,"REP","Adrian Smith",1113
"575","Perkins","U.S. House",3,"REP","Adrian Smith",1332
"576","Phelps","U.S. House",3,"REP","Adrian Smith",4142
"577","Pierce","U.S. House",3,"REP","Adrian Smith",3172
"578","Red Willow","U.S. House",3,"REP","Adrian Smith",4589
"579","Richardson","U.S. House",3,"REP","Adrian Smith",2995
"580","Rock","U.S. House",3,"REP","Adrian Smith",693
"581","Saline","U.S. House",3,"REP","Adrian Smith",3996
"582","Scotts Bluff","U.S. House",3,"REP","Adrian Smith",11678
"583","Sheridan","U.S. House",3,"REP","Adrian Smith",2203
"584","Sherman","U.S. House",3,"REP","Adrian Smith",1301
"585","Sioux","U.S. House",3,"REP","Adrian Smith",624
"586","Thayer","U.S. House",3,"REP","Adrian Smith",2308
"587","Thomas","U.S. House",3,"REP","Adrian Smith",340
"588","Valley","U.S. House",3,"REP","Adrian Smith",1909
"589","Wayne","U.S. House",3,"REP","Adrian Smith",3222
"590","Webster","U.S. House",3,"REP","Adrian Smith",1448
"591","Wheeler","U.S. House",3,"REP","Adrian Smith",406
"592","York","U.S. House",3,"REP","Adrian Smith",5544
"593","Johnson","State Legislature",1,"","Dan Watermeier",1731
"594","Nemaha","State Legislature",1,"","Dan Watermeier",2658
"595","Otoe","State Legislature",1,"","Dan Watermeier",5351
"596","Pawnee","State Legislature",1,"","Dan Watermeier",1101
"597","Richardson","State Legislature",1,"","Dan Watermeier",3075
"598","Sarpy","State Legislature",3,"","Carol Blood",7959
"599","Sarpy","State Legislature",3,"","Tommy Garrett",7476
"600","Douglas","State Legislature",5,"","Gilbert Ayala",3028
"601","Douglas","State Legislature",5,"","Mike McDonnell",7120
"602","Douglas","State Legislature",7,"","John Synowiecki",3248
"603","Douglas","State Legislature",7,"","Tony Vargas",5244
"604","Douglas","State Legislature",9,"","Larry Roland",2773
"605","Douglas ","State Legislature",9,"","Sara Howard",10552
"606","Douglas","State Legislature",11,"","Ernie Chambers",7763
"607","Douglas","State Legislature",11,"","John Sciara",1726
"608","Douglas","State Legislature",13,"","Jill Brown",6605
"609","Douglas","State Legislature",13,"","Justin Wayne",6920
"610","Dodge","State Legislature",15,"","David A. Schnoor",7189
"611","Dodge","State Legislature",15,"","Lynne M. Walz",7601
"612","Dakota","State Legislature",17,"","Ardel Bengtson",2859
"613","Dakota","State Legislature",17,"","Joni Albrecht",2929
"614","Thurston","State Legislature",17,"","Ardel Bengtson",533
"615","Thurston","State Legislature",17,"","Joni Albrecht",1385
"616","Wayne","State Legislature",17,"","Ardel Bengtson",1059
"617","Wayne","State Legislature",17,"","Joni Albrecht",2511
"618","Madison","State Legislature",19,"","Jim Scheer",12040
"619","Stanton","State Legislature",19,"","Jim Scheer",868
"620","Lancaster","State Legislature",21,"","Larry Scherer",6567
"621","Lancaster ","State Legislature",21,"","Mike Hilgers",8588
"622","Butler","State Legislature",23,"","Bruce Bostelman",2472
"623","Butler","State Legislature",23,"","Jerry Johnson",1214
"624","Colfax","State Legislature",23,"","Bruce Bostelman",1114
"625","Colfax","State Legislature",23,"","Jerry Johnson",1094
"626","Saunders","State Legislature",23,"","Bruce Bostelman",5107
"627","Saunders","State Legislature",23,"","Jerry Johnson",4642
"628","Lancaster","State Legislature",25,"","Jim Gordon",10258
"629","Lancaster","State Legislature",25,"","Suzanne Geist",12899
"630","Lancaster ","State Legislature",27,"","Anna Wishart",9930
"631","Lancaster ","State Legislature",27,"","Dick Clark",3657
"632","Lancaster","State Legislature",29,"","Kate Bolz",14821
"633","Lancaster","State Legislature",29,"","Melody Vaccaro",2936
"634","Douglas","State Legislature",31,"","Ian M. Swanson",8985
"635","Douglas","State Legislature",31,"","Rick Kolowski",9762
"636","Adams","State Legislature",33,"","Les Seiler",5150
"637","Adams","State Legislature",33,"","Steve Halloran",7714
"638","Hall","State Legislature",33,"","Les Seiler",903
"639","Hall","State Legislature",33,"","Steve Halloran",1450
"640","Hall","State Legislature",35,"","Dan Quick",5743
"641","Hall","State Legislature",35,"","Gregg Neuhaus",5668
"642","Buffalo","State Legislature",37,"","Bob Lammers",7547
"643","Buffalo","State Legislature",37,"","John S. Lowe Sr.",8600
"644","Douglas","State Legislature",39,"","Bill Armbrust",9646
"645","Douglas","State Legislature",39,"","Lou Ann Linehan",11729
"646","Antelope","State Legislature",41,"","Tom Briese",2285
"647","Boone","State Legislature",41,"","Tom Briese",2518
"648","Garfield","State Legislature",41,"","Tom Briese",655
"649","Greeley","State Legislature",41,"","Tom Briese",758
"650","Howard","State Legislature",41,"","Tom Briese",2099
"651","Pierce","State Legislature",41,"","Tom Briese",2736
"652","Sherman","State Legislature",41,"","Tom Briese",1092
"653","Valley","State Legislature",41,"","Tom Briese",1609
"654","Wheeler","State Legislature",41,"","Tom Briese",328
"655","Blaine","State Legislature",43,"","Al Davis",130
"656","Blaine","State Legislature",43,"","Tom Brewer",179
"657","Box Butte","State Legislature",43,"","Al Davis",2482
"658","Box Butte","State Legislature",43,"","Tom Brewer",1216
"659","Brown","State Legislature",43,"","Al Davis",785
"660","Brown","State Legislature",43,"","Tom Brewer",783
"661","Cherry","State Legislature",43,"","Al Davis",940
"662","Cherry","State Legislature",43,"","Tom Brewer",2069
"663","Dawes","State Legislature",43,"","Al Davis",2113
"664","Dawes","State Legislature",43,"","Tom Brewer",1526
"665","Grant","State Legislature",43,"","Al Davis",207
"666","Grant","State Legislature",43,"","Tom Brewer",192
"667","Hooker","State Legislature",43,"","Al Davis",199
"668","Hooker","State Legislature",43,"","Tom Brewer",204
"669","Keya Paha","State Legislature",43,"","Al Davis",187
"670","Keya Paha","State Legislature",43,"","Tom Brewer",295
"671","Logan","State Legislature",43,"","Al Davis",179
"672","Logan","State Legislature",43,"","Tom Brewer",241
"673","Loup","State Legislature",43,"","Al Davis",211
"674","Loup","State Legislature",43,"","Tom Brewer",148
"675","McPherson","State Legislature",43,"","Al Davis",142
"676","McPherson","State Legislature",43,"","Tom Brewer",135
"677","Sheridan","State Legislature",43,"","Al Davis",648
"678","Sheridan","State Legislature",43,"","Tom Brewer",1950
"679","Thomas","State Legislature",43,"","Al Davis",153
"680","Thomas","State Legislature",43,"","Tom Brewer",231
"681","Sarpy","State Legislature",45,"","Michael J. Cook",6734
"682","Sarpy","State Legislature",45,"","Sue Crawford",8774
"683","Arthur","State Legislature",47,"","Karl Elmshaeuser",98
"684","Arthur","State Legislature",47,"","Steve Erdman",156
"685","Banner","State Legislature",47,"","Karl Elmshaeuser",90
"686","Banner","State Legislature",47,"","Steve Erdman",277
"687","Box Butte","State Legislature",47,"","Karl Elmshaeuser",193
"688","Box Butte","State Legislature",47,"","Steve Erdman",756
"689","Cheyenne","State Legislature",47,"","Karl Elmshaeuser",1372
"690","Cheyenne","State Legislature",47,"","Steve Erdman",3000
"691","Deuel","State Legislature",47,"","Karl Elmshaeuser",236
"692","Deuel","State Legislature",47,"","Steve Erdman",691
"693","Garden","State Legislature",47,"","Karl Elmshaeuser",236
"694","Garden","State Legislature",47,"","Steve Erdman",761
"695","Keith","State Legislature",47,"","Karl Elmshaeuser",1657
"696","Keith","State Legislature",47,"","Steve Erdman",2131
"697","Kimball","State Legislature",47,"","Karl Elmshaeuser",402
"698","Kimball","State Legislature",47,"","Steve Erdman",1144
"699","Morrill","State Legislature",47,"","Karl Elmshaeuser",833
"700","Morrill","State Legislature",47,"","Steve Erdman",1305
"701","Sioux","State Legislature",47,"","Karl Elmshaeuser",113
"702","SIoux","State Legislature",47,"","Steve Erdman",518
"703","Sarpy","State Legislature",49,"","John Murante",15137
